SIB1 additional size (bytes),Time duration to transmit (milliseconds),BelowThreshold,AboveThreshold
8,804.454,,804.454
16,781.273,781.273,
32,805.586,,805.586
64,806.681,,806.681
128,809.064,,809.064
255,804.883,,804.883
8,784.063,784.063,
16,804.594,,804.594
32,807.192,,807.192
64,809.712,,809.712
128,781.859,781.859,
255,803.902,,803.902
8,782.924,782.924,
16,808.098,,808.098
32,805.597,,805.597
64,806.643,,806.643
128,785.961,785.961,
255,806.218,,806.218
8,801.861,801.861,
16,803.758,,803.758
32,783.441,783.441,
64,805.973,,805.973
128,803.649,,803.649
255,805.905,,805.905
8,805.462,,805.462
16,804.86,,804.86
32,808.274,,808.274
64,803.902,,803.902
128,805.603,,805.603
255,783.328,783.328,
8,808.755,,808.755
16,784.013,784.013,
32,781.907,781.907,
64,803.354,,803.354
128,804.527,,804.527
255,807.142,,807.142
8,807.061,,807.061
16,806.774,,806.774
32,785.179,785.179,
64,805.467,,805.467
128,808.228,,808.228
255,805.618,,805.618
8,807.18,,807.18
16,808.433,,808.433
32,805.975,,805.975
64,805.882,,805.882
128,806.08,,806.08
255,807.69,,807.69
8,807.05,,807.05
16,803.916,,803.916
32,807.39,,807.39
64,780.818,780.818,
128,805.876,,805.876
255,808.768,,808.768
8,806.676,,806.676
16,805.987,,805.987
32,804.15,,804.15
64,806.944,,806.944
128,782.327,782.327,
255,784.419,784.419,
8,805.227,,805.227
16,805.695,,805.695
32,780.879,780.879,
64,806.695,,806.695
128,805.42,,805.42
255,805.923,,805.923
8,804.095,,804.095
16,806.72,,806.72
32,806.043,,806.043
64,807.729,,807.729
128,809.472,,809.472
255,809.603,,809.603
8,800.421,800.421,
16,804.065,,804.065
32,802.693,,802.693
64,806.023,,806.023
128,782.328,782.328,
255,785.87,785.87,
8,805.995,,805.995
16,783.768,783.768,
32,806.121,,806.121
64,799.153,799.153,
128,805.458,,805.458
255,805.754,,805.754
8,783.507,783.507,
16,804.535,,804.535
32,782.533,782.533,
64,784.006,784.006,
128,807.946,,807.946
255,806.16,,806.16
8,805.122,,805.122
16,806.328,,806.328
32,806.814,,806.814
64,805.578,,805.578
128,806.213,,806.213
255,805.947,,805.947
8,785.346,785.346,
16,800.592,800.592,
32,807.709,,807.709
64,805.349,,805.349
128,782.148,782.148,
255,807.965,,807.965
8,803.238,,803.238
16,784.64,784.64,
32,785.145,785.145,
64,805.706,,805.706
128,807.997,,807.997
255,812.745,,812.745
8,807.127,,807.127
16,782.042,782.042,
32,805.291,,805.291
64,808.215,,808.215
128,811.337,,811.337
255,806.601,,806.601
8,784.173,784.173,
16,825.569,,825.569
32,806.234,,806.234
64,807.583,,807.583
128,806.963,,806.963
255,804.592,,804.592
8,805.767,,805.767
16,805.37,,805.37
32,783.52,783.52,
64,808.898,,808.898
128,807.241,,807.241
255,806.501,,806.501
8,808.202,,808.202
16,807.006,,807.006
32,783.789,783.789,
64,806.527,,806.527
128,806.139,,806.139
255,803.154,,803.154
8,806.217,,806.217
16,806.139,,806.139
32,784.213,784.213,
64,805.956,,805.956
128,782.319,782.319,
255,806.189,,806.189
8,805.543,,805.543
16,803.653,,803.653
32,805.913,,805.913
64,808.576,,808.576
128,806.08,,806.08
255,799.742,799.742,
8,802.977,,802.977
16,807.686,,807.686
32,804.36,,804.36
64,808.006,,808.006
128,806.355,,806.355
255,806.282,,806.282
8,807.552,,807.552
16,807.38,,807.38
32,805.39,,805.39
64,806.362,,806.362
128,783.335,783.335,
255,805.441,,805.441
8,808.336,,808.336
16,804.737,,804.737
32,805.784,,805.784
64,805.083,,805.083
128,804.489,,804.489
255,800.938,800.938,
8,805.28,,805.28
16,805.124,,805.124
32,807.137,,807.137
64,805.76,,805.76
128,807.794,,807.794
255,805.525,,805.525
8,804.256,,804.256
16,798.641,798.641,
32,807.655,,807.655
64,806.866,,806.866
128,809.514,,809.514
255,808.548,,808.548
8,805.732,,805.732
16,801.855,801.855,
32,807.234,,807.234
64,804.593,,804.593
128,805.841,,805.841
255,782.764,782.764,
8,805.439,,805.439
16,805.96,,805.96
32,803.915,,803.915
64,781.829,781.829,
128,805.766,,805.766
255,807.311,,807.311
8,807.047,,807.047
16,787.3,787.3,
32,807.387,,807.387
64,804.752,,804.752
128,806.931,,806.931
255,806.149,,806.149
8,808.177,,808.177
16,806.198,,806.198
32,806.282,,806.282
64,806.952,,806.952
128,781.951,781.951,
255,784.588,784.588,
8,782.168,782.168,
16,805.599,,805.599
32,807.263,,807.263
64,807.434,,807.434
128,806.735,,806.735
255,784.397,784.397,
8,805.89,,805.89
16,784.419,784.419,
32,805.252,,805.252
64,805.909,,805.909
128,804.787,,804.787
255,805.887,,805.887
8,804.596,,804.596
16,782.172,782.172,
32,784.517,784.517,
64,804.531,,804.531
128,806.278,,806.278
255,805.227,,805.227
8,804.763,,804.763
16,807.848,,807.848
32,806.098,,806.098
64,781.344,781.344,
128,804.797,,804.797
255,806.493,,806.493
8,784.829,784.829,
16,808.763,,808.763
32,805.009,,805.009
64,810.93,,810.93
128,806.312,,806.312
255,805.009,,805.009
8,806.154,,806.154
16,806.316,,806.316
32,785.949,785.949,
64,805.308,,805.308
128,807.447,,807.447
255,815.015,,815.015
8,806.856,,806.856
16,810.22,,810.22
32,782.534,782.534,
64,808.703,,808.703
128,804.168,,804.168
255,805.778,,805.778
8,806.98,,806.98
16,783.955,783.955,
32,807.715,,807.715
64,805.405,,805.405
128,806.49,,806.49
255,807.072,,807.072
8,806.327,,806.327
16,806.27,,806.27
32,807.653,,807.653
64,806.289,,806.289
128,805.859,,805.859
255,806.227,,806.227
8,807.223,,807.223
16,784.295,784.295,
32,782.048,782.048,
64,807.211,,807.211
128,808.372,,808.372
255,781.903,781.903,
8,806.751,,806.751
16,782.48,782.48,
32,805.166,,805.166
64,808.377,,808.377
128,782.541,782.541,
255,802.155,802.155,
8,814.585,,814.585
16,803.55,,803.55
32,783.506,783.506,
64,805.083,,805.083
128,807.123,,807.123
255,805.807,,805.807
8,780.745,780.745,
16,780.041,780.041,
32,806.643,,806.643
64,807.707,,807.707
128,808.233,,808.233
255,782.117,782.117,
8,806.4,,806.4
16,803.102,,803.102
32,807.072,,807.072
64,806.632,,806.632
128,803.088,,803.088
255,792.222,792.222,
8,804.698,,804.698
16,805.577,,805.577
32,805.374,,805.374
64,783.739,783.739,
128,805.353,,805.353
255,780.984,780.984,
8,804.844,,804.844
16,804.824,,804.824
32,804.699,,804.699
64,803.972,,803.972
128,788.585,788.585,
255,806.152,,806.152
8,809.107,,809.107
16,806.263,,806.263
32,804.157,,804.157
64,802.265,802.265,
128,803.374,,803.374
255,805.111,,805.111
8,805.838,,805.838
16,802.65,,802.65
32,806.278,,806.278
64,779.059,779.059,
128,803.83,,803.83
255,805.347,,805.347
8,804.608,,804.608
16,804.669,,804.669
32,784.712,784.712,
64,811.884,,811.884
128,806.092,,806.092
255,806.0,,806.0
8,802.775,802.775,
16,783.823,783.823,
32,783.261,783.261,
64,783.348,783.348,
128,782.549,782.549,
255,805.562,,805.562
8,805.168,,805.168
16,785.184,785.184,
32,805.656,,805.656
64,805.346,,805.346
128,807.543,,807.543
255,805.164,,805.164
8,800.362,800.362,
16,807.997,,807.997
32,783.242,783.242,
64,807.756,,807.756
128,805.19,,805.19
255,798.754,798.754,
8,806.778,,806.778
16,803.195,,803.195
32,784.704,784.704,
64,805.193,,805.193
128,797.491,797.491,
255,808.274,,808.274
8,784.858,784.858,
16,802.473,,802.473
32,804.322,,804.322
64,806.814,,806.814
128,802.998,,802.998
255,804.286,,804.286
8,781.613,781.613,
16,805.243,,805.243
32,798.355,798.355,
64,806.666,,806.666
128,783.628,783.628,
255,784.498,784.498,
8,800.557,800.557,
16,806.097,,806.097
32,804.806,,804.806
64,806.639,,806.639
128,800.898,800.898,
255,803.767,,803.767
8,806.747,,806.747
16,804.914,,804.914
32,802.808,,802.808
64,803.882,,803.882
128,806.632,,806.632
255,803.239,,803.239
8,805.094,,805.094
16,805.842,,805.842
32,782.247,782.247,
64,812.152,,812.152
128,805.912,,805.912
255,803.124,,803.124
8,804.005,,804.005
16,807.371,,807.371
32,805.533,,805.533
64,806.782,,806.782
128,805.927,,805.927
255,801.974,801.974,
8,803.498,,803.498
16,808.76,,808.76
32,783.489,783.489,
64,804.088,,804.088
128,806.148,,806.148
255,803.686,,803.686
8,808.597,,808.597
16,807.21,,807.21
32,782.902,782.902,
64,782.798,782.798,
128,784.275,784.275,
255,807.452,,807.452
8,806.804,,806.804
16,805.705,,805.705
32,806.891,,806.891
64,804.386,,804.386
128,803.043,,803.043
255,809.69,,809.69
8,806.993,,806.993
16,805.016,,805.016
32,784.19,784.19,
64,804.778,,804.778
128,807.502,,807.502
255,810.183,,810.183
8,805.759,,805.759
16,805.431,,805.431
32,780.685,780.685,
64,805.402,,805.402
128,804.993,,804.993
255,802.388,802.388,
8,805.832,,805.832
16,804.369,,804.369
32,807.035,,807.035
64,806.542,,806.542
128,808.546,,808.546
255,805.594,,805.594
8,804.939,,804.939
16,805.754,,805.754
32,806.048,,806.048
64,804.453,,804.453
128,806.524,,806.524
255,782.29,782.29,
8,805.397,,805.397
16,807.383,,807.383
32,805.942,,805.942
64,804.846,,804.846
128,804.519,,804.519
255,781.49,781.49,
8,807.027,,807.027
16,804.727,,804.727
32,806.099,,806.099
64,799.475,799.475,
128,784.065,784.065,
255,807.72,,807.72
8,780.918,780.918,
16,806.937,,806.937
32,805.404,,805.404
64,806.951,,806.951
128,806.108,,806.108
255,806.216,,806.216
8,807.283,,807.283
16,813.399,,813.399
32,805.617,,805.617
64,804.304,,804.304
128,806.019,,806.019
255,807.519,,807.519
8,782.106,782.106,
16,808.228,,808.228
32,804.878,,804.878
64,806.664,,806.664
128,794.747,794.747,
255,808.261,,808.261
8,805.527,,805.527
16,807.593,,807.593
32,805.109,,805.109
64,804.065,,804.065
128,806.327,,806.327
255,804.13,,804.13
8,811.358,,811.358
16,807.976,,807.976
32,804.845,,804.845
64,808.288,,808.288
128,804.577,,804.577
255,807.005,,807.005
8,783.949,783.949,
16,802.537,,802.537
32,805.387,,805.387
64,806.874,,806.874
128,802.243,802.243,
255,803.862,,803.862
8,805.852,,805.852
16,811.313,,811.313
32,783.818,783.818,
64,782.099,782.099,
128,806.272,,806.272
255,806.612,,806.612
8,799.825,799.825,
16,803.095,,803.095
32,808.036,,808.036
64,803.992,,803.992
128,806.655,,806.655
255,805.784,,805.784
8,807.444,,807.444
16,805.53,,805.53
32,804.588,,804.588
64,807.588,,807.588
128,807.425,,807.425
255,806.473,,806.473
8,803.985,,803.985
16,802.891,,802.891
32,806.631,,806.631
64,783.362,783.362,
128,804.405,,804.405
255,801.691,801.691,
8,805.186,,805.186
16,807.476,,807.476
32,807.921,,807.921
64,805.579,,805.579
128,806.735,,806.735
255,805.271,,805.271
8,783.631,783.631,
16,783.858,783.858,
32,807.327,,807.327
64,807.422,,807.422
128,810.131,,810.131
255,805.166,,805.166
8,806.92,,806.92
16,805.258,,805.258
32,782.079,782.079,
64,800.351,800.351,
128,806.138,,806.138
255,799.756,799.756,
8,807.807,,807.807
16,806.035,,806.035
32,810.461,,810.461
64,806.162,,806.162
128,812.317,,812.317
255,806.073,,806.073
8,806.77,,806.77
16,806.335,,806.335
32,805.044,,805.044
64,806.532,,806.532
128,801.432,801.432,
255,806.393,,806.393
8,805.742,,805.742
16,805.937,,805.937
32,810.035,,810.035
64,805.078,,805.078
128,805.325,,805.325
255,803.303,,803.303
8,804.79,,804.79
16,805.126,,805.126
32,807.163,,807.163
64,805.852,,805.852
128,785.349,785.349,
255,804.944,,804.944
8,803.386,,803.386
16,807.3,,807.3
32,806.831,,806.831
64,802.239,802.239,
128,806.51,,806.51
255,804.089,,804.089
8,806.749,,806.749
16,804.958,,804.958
32,783.885,783.885,
64,804.025,,804.025
128,803.326,,803.326
255,780.805,780.805,
8,802.912,802.912,
16,803.698,,803.698
32,806.863,,806.863
64,805.023,,805.023
128,805.925,,805.925
255,805.405,,805.405
8,804.551,,804.551
16,782.642,782.642,
32,816.798,,816.798
64,806.032,,806.032
128,806.44,,806.44
255,806.581,,806.581
8,805.013,,805.013
16,803.102,,803.102
32,804.9,,804.9
64,806.585,,806.585
128,778.784,778.784,
255,804.674,,804.674
8,809.568,,809.568
16,808.166,,808.166
32,781.613,781.613,
64,808.215,,808.215
128,802.661,802.661,
255,812.802,,812.802
8,805.184,,805.184
16,803.619,,803.619
32,810.045,,810.045
64,806.355,,806.355
128,784.534,784.534,
255,805.364,,805.364
8,806.314,,806.314
16,806.215,,806.215
32,804.907,,804.907
64,805.989,,805.989
128,803.951,,803.951
255,780.777,780.777,
8,806.935,,806.935
16,806.65,,806.65
32,782.881,782.881,
64,784.259,784.259,
128,799.797,799.797,
255,807.227,,807.227
8,781.194,781.194,
16,805.698,,805.698
32,804.594,,804.594
64,805.916,,805.916
128,802.491,802.491,
255,803.245,,803.245
8,805.379,,805.379
16,776.788,776.788,
32,805.121,,805.121
64,800.112,800.112,
128,780.284,780.284,
255,804.765,,804.765
8,806.077,,806.077
16,811.132,,811.132
32,782.473,782.473,
64,806.44,,806.44
128,805.323,,805.323
255,804.925,,804.925
8,785.812,785.812,
16,803.519,,803.519
32,807.217,,807.217
64,804.378,,804.378
128,806.684,,806.684
255,785.39,785.39,
8,803.776,,803.776
16,783.157,783.157,
32,815.899,,815.899
64,807.116,,807.116
128,807.802,,807.802
255,806.981,,806.981
8,805.637,,805.637
16,782.481,782.481,
32,805.225,,805.225
64,804.333,,804.333
128,805.484,,805.484
255,807.246,,807.246
8,804.518,,804.518
16,806.954,,806.954
32,803.98,,803.98
64,800.569,800.569,
128,806.949,,806.949
255,784.601,784.601,
8,807.23,,807.23
16,807.037,,807.037
32,804.431,,804.431
64,807.178,,807.178
128,805.603,,805.603
255,805.859,,805.859
8,805.786,,805.786
16,781.964,781.964,
32,802.156,802.156,
64,803.303,,803.303
128,804.222,,804.222
255,807.995,,807.995
8,802.324,802.324,
16,804.736,,804.736
32,803.345,,803.345
64,808.195,,808.195
128,784.209,784.209,
255,806.273,,806.273
8,781.78,781.78,
16,805.547,,805.547
32,806.505,,806.505
64,805.181,,805.181
128,807.625,,807.625
255,804.133,,804.133
8,782.529,782.529,
16,783.236,783.236,
32,808.14,,808.14
64,781.75,781.75,
128,810.694,,810.694
255,803.692,,803.692
8,804.048,,804.048
16,806.204,,806.204
32,781.784,781.784,
64,804.641,,804.641
128,784.979,784.979,
255,805.855,,805.855
8,804.463,,804.463
16,804.947,,804.947
32,808.141,,808.141
64,785.055,785.055,
128,804.227,,804.227
255,803.032,,803.032
8,783.366,783.366,
16,806.31,,806.31
32,784.004,784.004,
64,804.848,,804.848
128,808.496,,808.496
255,781.695,781.695,
8,805.24,,805.24
16,805.923,,805.923
32,806.547,,806.547
64,805.627,,805.627
128,800.091,800.091,
255,805.173,,805.173
8,810.059,,810.059
16,806.804,,806.804
32,782.748,782.748,
64,804.792,,804.792
128,808.587,,808.587
255,809.956,,809.956
8,807.59,,807.59
16,808.037,,808.037
32,805.102,,805.102
64,810.695,,810.695
128,805.182,,805.182
255,808.256,,808.256
8,807.71,,807.71
16,806.128,,806.128
32,807.803,,807.803
64,804.12,,804.12
128,805.092,,805.092
255,802.655,802.655,
8,802.229,802.229,
16,802.76,,802.76
32,800.352,800.352,
64,808.201,,808.201
128,805.959,,805.959
255,801.707,801.707,
8,806.709,,806.709
16,806.23,,806.23
32,809.1,,809.1
64,808.079,,808.079
128,807.533,,807.533
255,779.959,779.959,
8,807.624,,807.624
16,806.126,,806.126
32,804.928,,804.928
64,782.784,782.784,
128,804.931,,804.931
255,808.912,,808.912
8,776.863,776.863,
16,803.579,,803.579
32,787.63,787.63,
64,808.948,,808.948
128,804.818,,804.818
255,805.011,,805.011
8,804.015,,804.015
16,808.862,,808.862
32,783.899,783.899,
64,808.112,,808.112
128,780.199,780.199,
255,784.974,784.974,
8,805.997,,805.997
16,803.592,,803.592
32,786.029,786.029,
64,806.252,,806.252
128,798.554,798.554,
255,808.37,,808.37
8,811.248,,811.248
16,807.559,,807.559
32,801.403,801.403,
64,806.821,,806.821
128,808.383,,808.383
255,812.054,,812.054
8,806.394,,806.394
16,805.78,,805.78
32,805.745,,805.745
64,805.537,,805.537
128,783.797,783.797,
255,803.627,,803.627
8,805.5,,805.5
16,805.511,,805.511
32,804.049,,804.049
64,808.422,,808.422
128,806.172,,806.172
255,807.148,,807.148
8,806.344,,806.344
16,804.222,,804.222
32,805.378,,805.378
64,806.451,,806.451
128,781.224,781.224,
255,812.609,,812.609
8,805.988,,805.988
16,806.01,,806.01
32,806.581,,806.581
64,805.849,,805.849
128,808.915,,808.915
255,807.918,,807.918
8,785.139,785.139,
16,808.661,,808.661
32,783.463,783.463,
64,804.665,,804.665
128,808.498,,808.498
255,806.859,,806.859
8,806.007,,806.007
16,780.074,780.074,
32,807.129,,807.129
64,806.768,,806.768
128,811.836,,811.836
255,806.451,,806.451
8,806.622,,806.622
16,806.296,,806.296
32,782.079,782.079,
64,804.094,,804.094
128,805.171,,805.171
255,805.517,,805.517
8,809.773,,809.773
16,799.967,799.967,
32,805.187,,805.187
64,798.417,798.417,
128,808.282,,808.282
255,805.645,,805.645
8,801.115,801.115,
16,803.344,,803.344
32,804.867,,804.867
64,784.946,784.946,
128,806.089,,806.089
255,789.688,789.688,
8,806.055,,806.055
16,804.647,,804.647
32,807.719,,807.719
64,802.896,802.896,
128,808.094,,808.094
255,807.826,,807.826
8,782.799,782.799,
16,811.076,,811.076
32,806.94,,806.94
64,811.618,,811.618
128,806.997,,806.997
255,808.734,,808.734
8,804.558,,804.558
16,784.185,784.185,
32,806.674,,806.674
64,784.448,784.448,
128,805.386,,805.386
255,806.97,,806.97
8,805.221,,805.221
16,804.668,,804.668
32,806.993,,806.993
64,800.392,800.392,
128,779.474,779.474,
255,834.453,,834.453
8,805.827,,805.827
16,806.395,,806.395
32,808.871,,808.871
64,805.804,,805.804
128,783.251,783.251,
255,805.524,,805.524
8,806.064,,806.064
16,807.512,,807.512
32,801.365,801.365,
64,785.511,785.511,
128,804.706,,804.706
255,807.371,,807.371
8,811.853,,811.853
16,783.375,783.375,
32,808.012,,808.012
64,809.528,,809.528
128,782.804,782.804,
255,802.479,802.479,
8,807.026,,807.026
16,803.695,,803.695
32,806.247,,806.247
64,815.083,,815.083
128,805.469,,805.469
255,786.385,786.385,
8,798.757,798.757,
16,805.189,,805.189
32,806.183,,806.183
64,805.658,,805.658
128,808.032,,808.032
255,807.984,,807.984
8,806.259,,806.259
16,805.057,,805.057
32,804.525,,804.525
64,808.365,,808.365
128,805.327,,805.327
255,807.282,,807.282
8,808.942,,808.942
16,803.529,,803.529
32,808.698,,808.698
64,805.785,,805.785
128,806.573,,806.573
255,805.999,,805.999
8,810.899,,810.899
16,809.22,,809.22
32,805.041,,805.041
64,805.49,,805.49
128,806.067,,806.067
255,804.536,,804.536
8,807.044,,807.044
16,805.773,,805.773
32,800.198,800.198,
64,782.736,782.736,
128,788.436,788.436,
255,803.474,,803.474
8,779.855,779.855,
16,805.174,,805.174
32,804.756,,804.756
64,808.081,,808.081
128,805.46,,805.46
255,809.67,,809.67
8,802.077,802.077,
16,782.846,782.846,
32,807.801,,807.801
64,806.396,,806.396
128,808.762,,808.762
255,806.25,,806.25
8,783.68,783.68,
16,803.087,,803.087
32,807.419,,807.419
64,806.098,,806.098
128,783.177,783.177,
255,785.928,785.928,
8,806.405,,806.405
16,805.373,,805.373
32,784.439,784.439,
64,805.269,,805.269
128,805.652,,805.652
255,804.041,,804.041
8,810.174,,810.174
16,804.485,,804.485
32,809.386,,809.386
64,806.486,,806.486
128,784.689,784.689,
255,804.623,,804.623
8,805.018,,805.018
16,808.288,,808.288
32,783.703,783.703,
64,782.761,782.761,
128,803.18,,803.18
255,781.696,781.696,
8,808.236,,808.236
16,783.944,783.944,
32,808.39,,808.39
64,803.853,,803.853
128,806.993,,806.993
255,810.611,,810.611
8,782.576,782.576,
16,804.291,,804.291
32,805.21,,805.21
64,803.943,,803.943
128,806.028,,806.028
255,802.804,,802.804
8,781.529,781.529,
16,807.282,,807.282
32,805.135,,805.135
64,808.869,,808.869
128,800.141,800.141,
255,805.844,,805.844
8,805.936,,805.936
16,783.993,783.993,
32,781.83,781.83,
64,805.011,,805.011
128,802.128,802.128,
255,804.286,,804.286
8,805.271,,805.271
16,804.129,,804.129
32,806.165,,806.165
64,802.556,802.556,
128,780.732,780.732,
255,801.421,801.421,
8,805.739,,805.739
16,801.751,801.751,
32,804.674,,804.674
64,783.218,783.218,
128,774.146,774.146,
255,806.465,,806.465
8,807.783,,807.783
16,804.429,,804.429
32,783.24,783.24,
64,801.452,801.452,
128,802.268,802.268,
255,803.424,,803.424
8,806.235,,806.235
16,811.2,,811.2
32,802.104,802.104,
64,803.537,,803.537
128,805.338,,805.338
255,803.086,,803.086
8,781.304,781.304,
16,802.299,,802.299
32,805.615,,805.615
64,806.857,,806.857
128,807.81,,807.81
255,808.828,,808.828
8,804.731,,804.731
16,803.138,,803.138
32,807.658,,807.658
64,805.673,,805.673
128,784.003,784.003,
255,804.912,,804.912
8,803.804,,803.804
16,779.757,779.757,
32,802.813,,802.813
64,805.065,,805.065
128,804.92,,804.92
255,802.115,802.115,
8,804.814,,804.814
16,806.655,,806.655
32,805.933,,805.933
64,805.808,,805.808
128,804.39,,804.39
255,783.264,783.264,
8,802.754,802.754,
16,803.212,,803.212
32,804.649,,804.649
64,805.504,,805.504
128,803.582,,803.582
255,803.195,,803.195
8,804.234,,804.234
16,784.971,784.971,
32,803.91,,803.91
64,805.192,,805.192
128,804.887,,804.887
255,805.776,,805.776
8,808.126,,808.126
16,804.869,,804.869
32,803.902,,803.902
64,804.635,,804.635
128,804.689,,804.689
255,805.065,,805.065
8,804.465,,804.465
16,803.252,,803.252
32,779.54,779.54,
64,806.23,,806.23
128,805.166,,805.166
255,808.898,,808.898
8,803.799,,803.799
16,806.779,,806.779
32,777.982,777.982,
64,802.7,802.7,
128,808.532,,808.532
255,781.489,781.489,
8,805.769,,805.769
16,804.884,,804.884
32,800.052,800.052,
64,804.923,,804.923
128,803.328,,803.328
255,803.56,,803.56
8,806.464,,806.464
16,804.509,,804.509
32,801.596,801.596,
64,783.152,783.152,
128,801.911,801.911,
255,802.627,802.627,
8,804.874,,804.874
16,804.075,,804.075
32,807.085,,807.085
64,805.012,,805.012
128,781.37,781.37,
255,806.783,,806.783
8,802.06,802.06,
16,806.843,,806.843
32,804.289,,804.289
64,805.411,,805.411
128,802.727,802.727,
255,809.047,,809.047
8,805.341,,805.341
16,785.239,785.239,
32,808.127,,808.127
64,802.57,802.57,
128,797.929,797.929,
255,803.108,,803.108
8,802.647,802.647,
16,804.801,,804.801
32,802.812,,802.812
64,809.27,,809.27
128,801.706,801.706,
255,808.386,,808.386
8,804.955,,804.955
16,784.105,784.105,
32,798.461,798.461,
64,800.377,800.377,
128,801.702,801.702,
255,807.02,,807.02
8,783.87,783.87,
16,803.823,,803.823
32,804.254,,804.254
64,786.41,786.41,
128,807.5,,807.5
255,806.829,,806.829
8,808.087,,808.087
16,773.02,773.02,
32,807.356,,807.356
64,784.375,784.375,
128,804.366,,804.366
255,807.455,,807.455
8,800.918,800.918,
16,780.272,780.272,
32,801.917,801.917,
64,806.959,,806.959
128,804.207,,804.207
255,807.074,,807.074
8,801.681,801.681,
16,804.583,,804.583
32,804.047,,804.047
64,807.069,,807.069
128,803.653,,803.653
255,803.23,,803.23
8,805.115,,805.115
16,805.934,,805.934
32,803.94,,803.94
64,805.283,,805.283
128,803.08,,803.08
255,804.239,,804.239
8,781.346,781.346,
16,808.958,,808.958
32,801.81,801.81,
64,797.032,797.032,
128,803.356,,803.356
255,804.613,,804.613
8,802.254,802.254,
16,806.688,,806.688
32,780.059,780.059,
64,802.717,802.717,
128,803.814,,803.814
255,802.754,802.754,
8,806.077,,806.077
16,804.619,,804.619
32,807.045,,807.045
64,778.505,778.505,
128,809.003,,809.003
255,805.763,,805.763
8,803.326,,803.326
16,782.213,782.213,
32,811.242,,811.242
64,804.473,,804.473
128,807.4,,807.4
255,783.153,783.153,
8,784.907,784.907,
16,802.554,,802.554
32,806.688,,806.688
64,804.987,,804.987
128,802.707,802.707,
255,780.199,780.199,
8,805.241,,805.241
16,805.213,,805.213
32,802.619,,802.619
64,802.546,802.546,
128,804.393,,804.393
255,802.647,802.647,
8,781.901,781.901,
16,802.841,,802.841
32,805.848,,805.848
64,808.501,,808.501
128,803.293,,803.293
255,804.726,,804.726
8,806.645,,806.645
16,803.859,,803.859
32,806.212,,806.212
64,801.053,801.053,
128,808.781,,808.781
255,804.615,,804.615
8,805.643,,805.643
16,803.437,,803.437
32,803.262,,803.262
64,803.539,,803.539
128,804.297,,804.297
255,805.45,,805.45
8,804.087,,804.087
16,803.053,,803.053
32,805.621,,805.621
64,804.992,,804.992
128,801.796,801.796,
255,804.974,,804.974
8,802.993,,802.993
16,805.721,,805.721
32,803.858,,803.858
64,805.796,,805.796
128,804.541,,804.541
255,799.221,799.221,
8,803.637,,803.637
16,807.503,,807.503
32,804.609,,804.609
64,806.624,,806.624
128,806.12,,806.12
255,806.114,,806.114
8,806.559,,806.559
16,777.01,777.01,
32,803.494,,803.494
64,799.885,799.885,
128,804.567,,804.567
255,805.121,,805.121
8,805.031,,805.031
16,806.319,,806.319
32,779.387,779.387,
64,802.98,802.98,
128,801.908,801.908,
255,776.081,776.081,
8,805.21,,805.21
16,805.98,,805.98
32,803.504,,803.504
64,800.157,800.157,
128,805.944,,805.944
255,781.799,781.799,
8,801.26,801.26,
16,803.007,,803.007
32,803.478,,803.478
64,811.873,,811.873
128,803.466,,803.466
255,804.68,,804.68
8,809.883,,809.883
16,803.138,,803.138
32,802.37,802.37,
64,802.535,802.535,
128,806.194,,806.194
255,804.191,,804.191
8,806.002,,806.002
16,802.423,,802.423
32,803.711,,803.711
64,799.488,799.488,
128,804.934,,804.934
255,780.583,780.583,
8,801.86,801.86,
16,804.994,,804.994
32,778.321,778.321,
64,804.355,,804.355
128,803.359,,803.359
255,807.196,,807.196
8,780.569,780.569,
16,803.288,,803.288
32,803.385,,803.385
64,806.728,,806.728
128,801.707,801.707,
255,800.712,800.712,
8,804.18,,804.18
16,780.568,780.568,
32,801.477,801.477,
64,802.508,802.508,
128,803.684,,803.684
255,799.607,799.607,
8,779.289,779.289,
16,802.311,,802.311
32,803.128,,803.128
64,803.901,,803.901
128,780.684,780.684,
255,803.526,,803.526
8,803.897,,803.897
16,805.345,,805.345
32,804.497,,804.497
64,779.683,779.683,
128,805.138,,805.138
255,804.375,,804.375
8,829.187,,829.187
16,804.822,,804.822
32,805.28,,805.28
64,779.753,779.753,
128,803.217,,803.217
255,807.916,,807.916
8,804.256,,804.256
16,802.67,,802.67
32,808.397,,808.397
64,802.322,802.322,
128,784.217,784.217,
255,806.405,,806.405
8,799.185,799.185,
16,806.247,,806.247
32,802.485,,802.485
64,803.727,,803.727
128,803.731,,803.731
255,781.669,781.669,
8,805.921,,805.921
16,803.286,,803.286
32,780.581,780.581,
64,779.507,779.507,
128,805.582,,805.582
255,802.39,802.39,
8,802.135,802.135,
16,806.25,,806.25
32,804.08,,804.08
64,802.403,802.403,
128,804.073,,804.073
255,802.107,802.107,
8,806.925,,806.925
16,804.457,,804.457
32,803.43,,803.43
64,805.434,,805.434
128,804.822,,804.822
255,800.923,800.923,
8,805.931,,805.931
16,806.092,,806.092
32,803.176,,803.176
64,810.142,,810.142
128,804.005,,804.005
255,802.737,802.737,
8,806.328,,806.328
16,809.043,,809.043
32,805.122,,805.122
64,783.042,783.042,
128,802.745,802.745,
255,806.027,,806.027
8,782.759,782.759,
16,803.704,,803.704
32,803.596,,803.596
64,780.819,780.819,
128,804.01,,804.01
255,781.594,781.594,
8,782.331,782.331,
16,805.801,,805.801
32,804.023,,804.023
64,805.889,,805.889
128,813.984,,813.984
255,804.409,,804.409
8,804.523,,804.523
16,801.852,801.852,
32,803.441,,803.441
64,779.446,779.446,
128,804.848,,804.848
255,803.904,,803.904
8,802.435,802.435,
16,804.201,,804.201
32,802.743,,802.743
64,808.561,,808.561
128,781.562,781.562,
255,805.019,,805.019
8,803.83,,803.83
16,782.487,782.487,
32,801.709,801.709,
64,803.838,,803.838
128,805.254,,805.254
255,804.88,,804.88
8,805.939,,805.939
16,781.333,781.333,
32,804.966,,804.966
64,782.19,782.19,
128,804.636,,804.636
255,804.546,,804.546
8,803.231,,803.231
16,804.21,,804.21
32,801.545,801.545,
64,804.953,,804.953
128,804.454,,804.454
255,804.17,,804.17
8,809.03,,809.03
16,804.029,,804.029
32,801.688,801.688,
64,800.736,800.736,
128,802.665,802.665,
255,779.981,779.981,
8,803.581,,803.581
16,803.653,,803.653
32,803.435,,803.435
64,802.984,802.984,
128,801.57,801.57,
255,802.542,802.542,
8,782.476,782.476,
16,803.761,,803.761
32,804.863,,804.863
64,783.614,783.614,
128,805.083,,805.083
255,783.123,783.123,
8,805.275,,805.275
16,784.605,784.605,
32,804.905,,804.905
64,780.414,780.414,
128,805.847,,805.847
255,799.997,799.997,
8,780.765,780.765,
16,806.544,,806.544
32,801.371,801.371,
64,802.658,802.658,
128,802.568,802.568,
255,805.334,,805.334
8,805.22,,805.22
16,804.269,,804.269
32,803.054,,803.054
64,806.056,,806.056
128,808.418,,808.418
255,803.729,,803.729
8,804.45,,804.45
16,803.682,,803.682
32,803.824,,803.824
64,801.899,801.899,
128,801.668,801.668,
255,780.977,780.977,
8,779.735,779.735,
16,779.994,779.994,
32,803.704,,803.704
64,781.291,781.291,
128,802.551,802.551,
255,806.121,,806.121
8,804.625,,804.625
16,802.472,,802.472
32,808.51,,808.51
64,805.443,,805.443
128,779.696,779.696,
255,801.752,801.752,
8,783.285,783.285,
16,803.189,,803.189
32,805.776,,805.776
64,806.122,,806.122
128,809.296,,809.296
255,803.522,,803.522
8,805.943,,805.943
16,804.12,,804.12
32,779.418,779.418,
64,801.581,801.581,
128,804.979,,804.979
255,802.864,,802.864
8,801.826,801.826,
16,805.001,,805.001
32,807.357,,807.357
64,803.893,,803.893
128,781.259,781.259,
255,804.465,,804.465
8,797.89,797.89,
16,803.004,,803.004
32,803.213,,803.213
64,807.739,,807.739
128,799.379,799.379,
255,804.857,,804.857
8,781.773,781.773,
16,802.251,,802.251
32,782.748,782.748,
64,805.062,,805.062
128,781.86,781.86,
255,802.414,802.414,
8,805.08,,805.08
16,806.005,,806.005
32,780.179,780.179,
64,805.682,,805.682
128,805.58,,805.58
255,782.359,782.359,
8,808.882,,808.882
16,780.062,780.062,
32,780.713,780.713,
64,802.45,802.45,
128,805.128,,805.128
255,802.81,,802.81
8,802.671,802.671,
16,806.885,,806.885
32,801.238,801.238,
64,805.793,,805.793
128,805.374,,805.374
255,805.379,,805.379
8,802.661,802.661,
16,797.874,797.874,
32,804.197,,804.197
64,804.795,,804.795
128,807.631,,807.631
255,803.98,,803.98
8,782.511,782.511,
16,804.895,,804.895
32,805.997,,805.997
64,803.733,,803.733
128,805.258,,805.258
255,805.672,,805.672
8,803.095,,803.095
16,803.321,,803.321
32,802.956,,802.956
64,805.554,,805.554
128,802.307,802.307,
255,803.513,,803.513
8,804.669,,804.669
16,805.925,,805.925
32,805.996,,805.996
64,780.789,780.789,
128,779.832,779.832,
255,804.224,,804.224
8,803.156,,803.156
16,802.839,,802.839
32,795.977,795.977,
64,802.718,802.718,
128,781.7,781.7,
255,802.56,802.56,
8,806.467,,806.467
16,807.916,,807.916
32,804.072,,804.072
64,780.319,780.319,
128,801.395,801.395,
255,808.102,,808.102
8,802.067,802.067,
16,801.695,801.695,
32,806.168,,806.168
64,803.689,,803.689
128,777.479,777.479,
255,805.955,,805.955
8,806.455,,806.455
16,805.132,,805.132
32,799.739,799.739,
64,804.272,,804.272
128,807.082,,807.082
255,780.215,780.215,
8,801.316,801.316,
16,805.185,,805.185
32,803.336,,803.336
64,803.694,,803.694
128,800.901,800.901,
255,809.01,,809.01
8,805.847,,805.847
16,804.89,,804.89
32,802.041,802.041,
64,804.278,,804.278
128,801.357,801.357,
255,804.046,,804.046
8,803.265,,803.265
16,807.102,,807.102
32,778.929,778.929,
64,805.45,,805.45
128,803.531,,803.531
255,805.195,,805.195
8,801.625,801.625,
16,803.993,,803.993
32,805.359,,805.359
64,804.108,,804.108
128,807.973,,807.973
255,805.203,,805.203
8,811.756,,811.756
16,803.311,,803.311
32,802.702,,802.702
64,805.636,,805.636
128,781.208,781.208,
255,804.398,,804.398
8,805.85,,805.85
16,804.716,,804.716
32,806.18,,806.18
64,803.51,,803.51
128,805.115,,805.115
255,804.997,,804.997
8,805.238,,805.238
16,805.573,,805.573
32,782.048,782.048,
64,804.639,,804.639
128,802.686,802.686,
255,804.064,,804.064
8,803.343,,803.343
16,809.322,,809.322
32,802.195,802.195,
64,806.578,,806.578
128,802.505,802.505,
255,808.097,,808.097
8,805.782,,805.782
16,806.791,,806.791
32,780.246,780.246,
64,803.01,803.01,
128,778.444,778.444,
255,803.47,,803.47
8,805.532,,805.532
16,804.36,,804.36
32,803.088,,803.088
64,797.939,797.939,
128,803.377,,803.377
255,804.141,,804.141
8,781.249,781.249,
16,804.939,,804.939
32,782.727,782.727,
64,802.708,802.708,
128,804.041,,804.041
255,781.909,781.909,
8,802.808,802.808,
16,802.309,,802.309
32,779.117,779.117,
64,807.445,,807.445
128,778.691,778.691,
255,803.736,,803.736
8,807.089,,807.089
16,780.857,780.857,
32,806.832,,806.832
64,803.171,803.171,
128,804.933,,804.933
255,781.114,781.114,
8,800.704,800.704,
16,803.858,,803.858
32,803.46,,803.46
64,802.009,802.009,
128,780.107,780.107,
255,798.917,798.917,
8,800.253,800.253,
16,804.108,,804.108
32,777.208,777.208,
64,807.146,,807.146
128,806.502,,806.502
255,803.697,,803.697
8,803.282,,803.282
16,801.94,801.94,
32,795.92,795.92,
64,800.342,800.342,
128,806.046,,806.046
255,804.434,,804.434
8,780.738,780.738,
16,774.692,774.692,
32,801.004,801.004,
64,804.01,,804.01
128,806.888,,806.888
255,798.299,798.299,
8,802.675,802.675,
16,804.861,,804.861
32,805.99,,805.99
64,799.811,799.811,
128,805.58,,805.58
255,803.435,,803.435
8,802.079,802.079,
16,802.067,,802.067
32,804.281,,804.281
64,805.837,,805.837
128,803.309,,803.309
255,806.304,,806.304
8,804.589,,804.589
16,809.02,,809.02
32,803.857,,803.857
64,806.447,,806.447
128,783.212,783.212,
255,779.385,779.385,
8,804.846,,804.846
16,800.927,800.927,
32,802.563,,802.563
64,804.714,,804.714
128,802.315,802.315,
255,805.624,,805.624
8,802.231,802.231,
16,797.539,797.539,
32,774.078,774.078,
64,798.279,798.279,
128,801.382,801.382,
255,802.168,802.168,
8,807.1,,807.1
16,806.803,,806.803
32,797.669,797.669,
64,781.573,781.573,
128,804.795,,804.795
255,802.329,802.329,
8,803.834,,803.834
16,804.476,,804.476
32,806.752,,806.752
64,803.931,,803.931
128,796.626,796.626,
255,803.708,,803.708
8,802.53,802.53,
16,805.541,,805.541
32,781.214,781.214,
64,778.689,778.689,
128,812.876,,812.876
255,806.527,,806.527
8,803.848,,803.848
16,804.663,,804.663
32,804.253,,804.253
64,779.753,779.753,
128,804.89,,804.89
255,802.317,802.317,
8,805.526,,805.526
16,803.157,,803.157
32,803.347,,803.347
64,780.552,780.552,
128,803.859,,803.859
255,803.477,,803.477
8,805.928,,805.928
16,800.104,800.104,
32,805.866,,805.866
64,782.579,782.579,
128,805.558,,805.558
255,804.362,,804.362
8,799.894,799.894,
16,806.293,,806.293
32,800.942,800.942,
64,805.617,,805.617
128,803.548,,803.548
255,802.459,802.459,
8,802.743,802.743,
16,801.628,801.628,
32,800.745,800.745,
64,801.714,801.714,
128,796.802,796.802,
255,804.145,,804.145
8,806.222,,806.222
16,804.844,,804.844
32,806.763,,806.763
64,800.234,800.234,
128,781.576,781.576,
255,802.075,802.075,
8,806.254,,806.254
16,776.236,776.236,
32,803.937,,803.937
64,779.198,779.198,
128,803.292,,803.292
255,803.947,,803.947
8,805.528,,805.528
16,803.971,,803.971
32,801.472,801.472,
64,808.369,,808.369
128,804.425,,804.425
255,804.595,,804.595
8,806.778,,806.778
16,804.821,,804.821
32,810.347,,810.347
64,804.64,,804.64
128,804.847,,804.847
255,806.881,,806.881
8,803.535,,803.535
16,803.402,,803.402
32,780.585,780.585,
64,804.831,,804.831
128,804.534,,804.534
255,804.27,,804.27
8,807.173,,807.173
16,794.514,794.514,
32,807.716,,807.716
64,779.229,779.229,
128,805.548,,805.548
255,802.745,802.745,
8,803.56,,803.56
16,776.539,776.539,
32,805.385,,805.385
64,802.438,802.438,
128,802.726,802.726,
255,805.375,,805.375
8,798.409,798.409,
16,805.264,,805.264
32,804.373,,804.373
64,779.621,779.621,
128,805.55,,805.55
255,780.635,780.635,
8,804.23,,804.23
16,802.492,,802.492
32,801.939,801.939,
64,778.462,778.462,
128,800.685,800.685,
255,804.308,,804.308
8,803.504,,803.504
16,803.909,,803.909
32,805.259,,805.259
64,809.18,,809.18
128,803.242,,803.242
255,782.177,782.177,
8,803.221,,803.221
16,804.406,,804.406
32,779.509,779.509,
64,808.488,,808.488
128,803.907,,803.907
255,801.421,801.421,
8,805.265,,805.265
16,802.271,,802.271
32,804.34,,804.34
64,803.993,,803.993
128,807.918,,807.918
255,805.049,,805.049
8,778.776,778.776,
16,778.198,778.198,
32,804.448,,804.448
64,776.945,776.945,
128,803.473,,803.473
255,805.833,,805.833
8,802.612,802.612,
16,772.49,772.49,
32,802.65,,802.65
64,807.812,,807.812
128,805.758,,805.758
255,800.685,800.685,
8,806.136,,806.136
16,802.647,,802.647
32,802.732,,802.732
64,802.289,802.289,
128,804.235,,804.235
255,805.594,,805.594
8,803.795,,803.795
16,802.138,,802.138
32,805.265,,805.265
64,804.01,,804.01
128,804.973,,804.973
255,803.156,,803.156
8,803.824,,803.824
16,803.446,,803.446
32,800.599,800.599,
64,804.583,,804.583
128,803.936,,803.936
255,799.98,799.98,
8,802.963,802.963,
16,806.364,,806.364
32,802.832,,802.832
64,804.783,,804.783
128,807.586,,807.586
255,803.527,,803.527
8,803.555,,803.555
16,802.578,,802.578
32,803.539,,803.539
64,807.903,,807.903
128,782.732,782.732,
255,779.87,779.87,
8,799.247,799.247,
16,804.409,,804.409
32,810.325,,810.325
64,804.245,,804.245
128,804.373,,804.373
255,808.404,,808.404
8,802.821,802.821,
16,796.367,796.367,
32,800.99,800.99,
64,801.204,801.204,
128,808.681,,808.681
255,801.746,801.746,
8,779.312,779.312,
16,798.693,798.693,
32,795.401,795.401,
64,781.331,781.331,
128,805.236,,805.236
255,806.189,,806.189
8,782.164,782.164,
16,802.739,,802.739
32,806.447,,806.447
64,804.995,,804.995
128,779.087,779.087,
255,805.687,,805.687
8,802.14,802.14,
16,802.455,,802.455
32,798.004,798.004,
64,802.838,802.838,
128,802.169,802.169,
255,805.042,,805.042
8,804.5,,804.5
16,779.257,779.257,
32,805.228,,805.228
64,802.301,802.301,
128,797.978,797.978,
255,803.778,,803.778
8,804.41,,804.41
16,805.204,,805.204
32,801.549,801.549,
64,803.584,,803.584
128,803.049,,803.049
255,805.829,,805.829
8,782.178,782.178,
16,802.102,,802.102
32,780.385,780.385,
64,783.534,783.534,
128,803.97,,803.97
255,798.297,798.297,
8,779.25,779.25,
16,804.333,,804.333
32,805.201,,805.201
64,804.849,,804.849
128,803.914,,803.914
255,802.581,802.581,
8,803.985,,803.985
16,802.783,,802.783
32,780.385,780.385,
64,782.039,782.039,
128,803.491,,803.491
255,785.839,785.839,
8,801.517,801.517,
16,802.635,,802.635
32,802.87,,802.87
64,805.58,,805.58
128,802.534,802.534,
255,806.366,,806.366
8,781.05,781.05,
16,781.519,781.519,
32,804.381,,804.381
64,807.209,,807.209
128,804.281,,804.281
255,802.497,802.497,
8,804.173,,804.173
16,804.762,,804.762
32,782.497,782.497,
64,803.098,803.098,
128,806.475,,806.475
255,779.194,779.194,
8,804.128,,804.128
16,780.048,780.048,
32,795.51,795.51,
64,800.844,800.844,
128,805.912,,805.912
255,802.991,,802.991
8,802.418,802.418,
16,803.444,,803.444
32,804.117,,804.117
64,777.269,777.269,
128,781.011,781.011,
255,780.452,780.452,
8,778.386,778.386,
16,803.075,,803.075
32,803.515,,803.515
64,806.696,,806.696
128,799.379,799.379,
255,780.762,780.762,
8,799.723,799.723,
16,802.414,,802.414
32,803.088,,803.088
64,803.993,,803.993
128,804.301,,804.301
255,803.018,,803.018
8,802.63,802.63,
16,781.663,781.663,
32,802.731,,802.731
64,804.242,,804.242
128,801.572,801.572,
255,806.011,,806.011
8,805.671,,805.671
16,802.958,,802.958
32,806.204,,806.204
64,804.84,,804.84
128,805.736,,805.736
255,799.502,799.502,
8,804.712,,804.712
16,803.794,,803.794
32,801.619,801.619,
64,781.857,781.857,
128,780.42,780.42,
255,801.372,801.372,
8,803.309,,803.309
16,802.946,,802.946
32,805.096,,805.096
64,802.709,802.709,
128,801.355,801.355,
255,802.694,802.694,
8,802.698,802.698,
16,807.517,,807.517
32,804.443,,804.443
64,780.582,780.582,
128,779.017,779.017,
255,799.676,799.676,
8,802.559,802.559,
16,804.019,,804.019
32,780.576,780.576,
64,801.582,801.582,
128,803.319,,803.319
255,778.35,778.35,
8,801.95,801.95,
16,806.549,,806.549
32,803.387,,803.387
64,803.39,,803.39
128,805.894,,805.894
255,803.889,,803.889
8,804.314,,804.314
16,807.416,,807.416
32,803.777,,803.777
64,802.24,802.24,
128,807.58,,807.58
255,804.506,,804.506
8,804.631,,804.631
16,780.773,780.773,
32,804.539,,804.539
64,777.026,777.026,
128,800.44,800.44,
255,803.902,,803.902
8,806.664,,806.664
16,780.052,780.052,
32,805.193,,805.193
64,774.998,774.998,
128,783.881,783.881,
255,802.618,802.618,
8,781.366,781.366,
16,803.911,,803.911
32,803.98,,803.98
64,801.753,801.753,
128,781.735,781.735,
255,801.736,801.736,
8,781.08,781.08,
16,801.581,801.581,
32,780.597,780.597,
64,802.492,802.492,
128,803.279,,803.279
255,805.745,,805.745
8,802.983,,802.983
16,804.236,,804.236
32,803.598,,803.598
64,803.004,803.004,
128,803.362,,803.362
255,807.1,,807.1
8,810.631,,810.631
16,802.368,,802.368
32,801.329,801.329,
64,804.827,,804.827
128,806.119,,806.119
255,803.352,,803.352
8,802.399,802.399,
16,804.241,,804.241
32,807.19,,807.19
64,781.764,781.764,
128,801.296,801.296,
255,779.503,779.503,
8,805.416,,805.416
16,803.826,,803.826
32,804.071,,804.071
64,801.784,801.784,
128,803.664,,803.664
255,805.573,,805.573
8,807.691,,807.691
16,804.251,,804.251
32,781.716,781.716,
64,803.211,803.211,
128,804.167,,804.167
255,801.747,801.747,
8,802.672,802.672,
16,805.582,,805.582
32,805.623,,805.623
64,806.331,,806.331
128,784.722,784.722,
255,807.902,,807.902
8,803.563,,803.563
16,806.585,,806.585
32,807.21,,807.21
64,806.09,,806.09
128,802.603,802.603,
255,804.587,,804.587
8,803.843,,803.843
16,802.382,,802.382
32,803.144,,803.144
64,805.485,,805.485
128,802.65,802.65,
255,804.704,,804.704
8,805.17,,805.17
16,776.951,776.951,
32,806.104,,806.104
64,805.746,,805.746
128,807.303,,807.303
255,803.92,,803.92
8,805.315,,805.315
16,805.529,,805.529
32,781.839,781.839,
64,801.081,801.081,
128,782.088,782.088,
255,782.212,782.212,
8,808.384,,808.384
16,805.989,,805.989
32,801.334,801.334,
64,803.933,,803.933
128,803.067,,803.067
255,780.017,780.017,
8,802.25,802.25,
16,805.546,,805.546
32,802.965,,802.965
64,801.708,801.708,
128,805.361,,805.361
255,804.25,,804.25
8,779.782,779.782,
16,804.875,,804.875
32,803.636,,803.636
64,779.212,779.212,
128,805.914,,805.914
255,800.157,800.157,
8,801.728,801.728,
16,797.471,797.471,
32,783.986,783.986,
64,804.69,,804.69
128,802.744,802.744,
255,802.68,802.68,
8,803.612,,803.612
16,779.895,779.895,
32,803.524,,803.524
64,804.999,,804.999
128,778.686,778.686,
255,782.073,782.073,
8,804.795,,804.795
16,802.208,,802.208
32,802.932,,802.932
64,803.85,,803.85
128,777.728,777.728,
255,782.184,782.184,
8,800.097,800.097,
16,812.673,,812.673
32,803.804,,803.804
64,805.201,,805.201
128,798.484,798.484,
255,801.708,801.708,
8,780.457,780.457,
16,804.886,,804.886
32,779.174,779.174,
64,803.375,,803.375
128,808.664,,808.664
255,805.139,,805.139
8,799.762,799.762,
16,780.181,780.181,
32,805.466,,805.466
64,805.625,,805.625
128,804.407,,804.407
255,803.999,,803.999
8,804.371,,804.371
16,803.151,,803.151
32,795.644,795.644,
64,780.249,780.249,
128,779.237,779.237,
255,779.207,779.207,
8,802.497,802.497,
16,809.636,,809.636
32,806.602,,806.602
64,777.43,777.43,
128,803.525,,803.525
255,806.878,,806.878
8,780.095,780.095,
16,805.811,,805.811
32,804.888,,804.888
64,802.022,802.022,
128,802.22,802.22,
255,803.0,,803.0
8,805.124,,805.124
16,803.59,,803.59
32,806.487,,806.487
64,804.34,,804.34
128,777.828,777.828,
255,804.042,,804.042
8,802.253,802.253,
16,781.466,781.466,
32,803.318,,803.318
64,797.889,797.889,
128,803.428,,803.428
255,783.34,783.34,
8,779.493,779.493,
16,802.463,,802.463
32,779.077,779.077,
64,777.307,777.307,
128,800.455,800.455,
255,800.92,800.92,
8,804.682,,804.682
16,776.51,776.51,
32,802.166,802.166,
64,805.938,,805.938
128,802.284,802.284,
255,804.189,,804.189
8,803.058,,803.058
16,804.877,,804.877
32,805.356,,805.356
64,805.987,,805.987
128,802.642,802.642,
255,780.137,780.137,
8,801.244,801.244,
16,801.097,801.097,
32,803.023,,803.023
64,804.203,,804.203
128,800.632,800.632,
255,802.758,802.758,
8,803.822,,803.822
16,802.895,,802.895
32,803.688,,803.688
64,805.461,,805.461
128,802.256,802.256,
255,803.898,,803.898
8,805.798,,805.798
16,779.263,779.263,
32,799.836,799.836,
64,804.811,,804.811
128,803.735,,803.735
255,802.681,802.681,
8,804.573,,804.573
16,805.365,,805.365
32,807.442,,807.442
64,801.685,801.685,
128,781.811,781.811,
255,810.504,,810.504
8,781.03,781.03,
16,780.567,780.567,
32,804.805,,804.805
64,779.82,779.82,
128,803.438,,803.438
255,804.952,,804.952
8,803.03,,803.03
16,781.434,781.434,
32,802.378,802.378,
64,807.982,,807.982
128,801.701,801.701,
255,807.665,,807.665
8,803.467,,803.467
16,777.503,777.503,
32,803.35,,803.35
64,805.64,,805.64
128,803.82,,803.82
255,779.318,779.318,
8,805.689,,805.689
16,802.647,,802.647
32,804.448,,804.448
64,802.145,802.145,
128,780.478,780.478,
255,804.138,,804.138
8,803.841,,803.841
16,780.287,780.287,
32,780.532,780.532,
64,780.565,780.565,
128,802.831,,802.831
255,802.78,802.78,
8,804.491,,804.491
16,795.191,795.191,
32,802.562,,802.562
64,803.067,803.067,
128,799.388,799.388,
255,779.079,779.079,
8,804.285,,804.285
16,804.67,,804.67
32,806.441,,806.441
64,804.266,,804.266
128,804.177,,804.177
255,777.763,777.763,
8,806.16,,806.16
16,807.166,,807.166
32,778.311,778.311,
64,803.579,,803.579
128,803.973,,803.973
255,798.061,798.061,
8,801.509,801.509,
16,802.642,,802.642
32,803.298,,803.298
64,802.909,802.909,
128,806.821,,806.821
255,806.825,,806.825
8,803.319,,803.319
16,807.718,,807.718
32,797.273,797.273,
64,803.817,,803.817
128,804.315,,804.315
255,805.221,,805.221
8,804.212,,804.212
16,803.437,,803.437
32,801.982,801.982,
64,802.357,802.357,
128,801.317,801.317,
255,803.861,,803.861
8,802.84,802.84,
16,804.136,,804.136
32,802.492,,802.492
64,803.987,,803.987
128,803.644,,803.644
255,800.794,800.794,
8,800.604,800.604,
16,802.48,,802.48
32,803.805,,803.805
64,828.239,,828.239
128,802.258,802.258,
255,803.037,,803.037
8,803.802,,803.802
16,807.155,,807.155
32,804.721,,804.721
64,802.241,802.241,
128,803.55,,803.55
255,804.747,,804.747
8,801.192,801.192,
16,799.099,799.099,
32,801.768,801.768,
64,777.955,777.955,
128,804.402,,804.402
255,779.107,779.107,
8,808.085,,808.085
16,801.299,801.299,
32,804.305,,804.305
64,800.957,800.957,
128,800.608,800.608,
255,800.817,800.817,
8,805.306,,805.306
16,804.604,,804.604
32,803.226,,803.226
64,808.085,,808.085
128,802.748,802.748,
255,804.156,,804.156
8,804.881,,804.881
16,801.526,801.526,
32,780.801,780.801,
64,801.868,801.868,
128,802.225,802.225,
255,803.266,,803.266
8,801.808,801.808,
16,806.593,,806.593
32,802.685,,802.685
64,793.593,793.593,
128,802.751,802.751,
255,806.315,,806.315
8,802.909,802.909,
16,805.181,,805.181
32,806.879,,806.879
64,803.446,,803.446
128,777.94,777.94,
255,802.405,802.405,
8,803.266,,803.266
16,806.85,,806.85
32,804.314,,804.314
64,774.537,774.537,
128,801.98,801.98,
255,802.627,802.627,
8,807.098,,807.098
16,805.142,,805.142
32,780.422,780.422,
64,803.472,,803.472
128,803.507,,803.507
255,804.182,,804.182
8,804.416,,804.416
16,804.71,,804.71
32,806.321,,806.321
64,803.158,803.158,
128,831.872,,831.872
255,782.356,782.356,
8,806.311,,806.311
16,805.568,,805.568
32,802.721,,802.721
64,803.494,,803.494
128,779.246,779.246,
255,804.589,,804.589
8,803.13,,803.13
16,804.214,,804.214
32,800.085,800.085,
64,805.555,,805.555
128,778.81,778.81,
255,780.055,780.055,
8,804.699,,804.699
16,806.092,,806.092
32,803.431,,803.431
64,806.372,,806.372
128,800.275,800.275,
255,780.645,780.645,
8,779.638,779.638,
16,805.052,,805.052
32,802.624,,802.624
64,802.047,802.047,
128,804.121,,804.121
255,802.324,802.324,
8,805.767,,805.767
16,804.942,,804.942
32,802.819,,802.819
64,803.7,,803.7
128,779.032,779.032,
255,802.327,802.327,
8,806.443,,806.443
16,803.768,,803.768
32,804.801,,804.801
64,808.03,,808.03
128,806.179,,806.179
255,804.721,,804.721
8,804.472,,804.472
16,804.75,,804.75
32,806.351,,806.351
64,781.613,781.613,
128,803.57,,803.57
255,809.245,,809.245
8,779.581,779.581,
16,806.096,,806.096
32,784.48,784.48,
64,805.285,,805.285
128,802.263,802.263,
255,803.622,,803.622
8,802.157,802.157,
16,803.642,,803.642
32,807.382,,807.382
64,803.651,,803.651
128,804.0,,804.0
255,807.593,,807.593
8,805.816,,805.816
16,804.433,,804.433
32,780.731,780.731,
64,803.587,,803.587
128,802.038,802.038,
255,802.314,802.314,
8,804.74,,804.74
16,802.347,,802.347
32,802.793,,802.793
64,802.846,802.846,
128,804.985,,804.985
255,803.925,,803.925
8,780.973,780.973,
16,802.673,,802.673
32,802.65,,802.65
64,805.397,,805.397
128,778.402,778.402,
255,803.996,,803.996
8,804.525,,804.525
16,803.35,,803.35
32,803.332,,803.332
64,796.343,796.343,
128,801.44,801.44,
255,802.646,802.646,
8,804.462,,804.462
16,780.172,780.172,
32,802.0,802.0,
64,807.874,,807.874
128,779.37,779.37,
255,803.874,,803.874
8,804.081,,804.081
16,802.074,,802.074
32,785.313,785.313,
64,803.85,,803.85
128,801.661,801.661,
255,780.958,780.958,
8,804.889,,804.889
16,781.101,781.101,
32,783.304,783.304,
64,799.144,799.144,
128,807.076,,807.076
255,808.223,,808.223
8,803.341,,803.341
16,800.748,800.748,
32,801.741,801.741,
64,803.746,,803.746
128,781.173,781.173,
255,779.551,779.551,
8,807.919,,807.919
16,802.867,,802.867
32,779.387,779.387,
64,778.898,778.898,
128,804.396,,804.396
255,803.303,,803.303
8,830.113,,830.113
16,811.113,,811.113
32,804.248,,804.248
64,808.281,,808.281
128,778.64,778.64,
255,805.102,,805.102
8,800.778,800.778,
16,802.07,,802.07
32,802.446,,802.446
64,805.873,,805.873
128,775.062,775.062,
255,802.288,802.288,
8,803.531,,803.531
16,802.004,,802.004
32,803.799,,803.799
64,781.343,781.343,
128,803.689,,803.689
255,803.494,,803.494
8,803.54,,803.54
16,801.388,801.388,
32,777.869,777.869,
64,802.28,802.28,
128,779.82,779.82,
255,800.912,800.912,
8,803.786,,803.786
16,800.555,800.555,
32,803.386,,803.386
64,805.728,,805.728
128,801.615,801.615,
255,802.31,802.31,
8,803.015,,803.015
16,802.948,,802.948
32,800.207,800.207,
64,804.601,,804.601
128,802.112,802.112,
255,803.276,,803.276
8,804.256,,804.256
16,786.531,786.531,
32,803.39,,803.39
64,803.671,,803.671
128,803.424,,803.424
255,804.759,,804.759
8,803.104,,803.104
16,782.408,782.408,
32,804.159,,804.159
64,805.754,,805.754
128,800.583,800.583,
255,804.493,,804.493
8,803.596,,803.596
16,803.587,,803.587
32,802.885,,802.885
64,801.627,801.627,
128,803.328,,803.328
255,802.888,,802.888
8,801.932,801.932,
16,801.188,801.188,
32,802.22,802.22,
64,782.026,782.026,
128,802.694,802.694,
255,801.604,801.604,
8,804.308,,804.308
16,803.298,,803.298
32,802.671,,802.671
64,802.182,802.182,
128,798.221,798.221,
255,803.718,,803.718
8,779.88,779.88,
16,778.004,778.004,
32,799.823,799.823,
64,803.415,,803.415
128,803.341,,803.341
255,803.903,,803.903
8,800.449,800.449,
16,780.256,780.256,
32,802.754,,802.754
64,800.645,800.645,
128,805.819,,805.819
255,781.23,781.23,
8,782.736,782.736,
16,804.994,,804.994
32,801.307,801.307,
64,802.085,802.085,
128,801.391,801.391,
255,798.526,798.526,
8,800.321,800.321,
16,803.255,,803.255
32,804.716,,804.716
64,801.379,801.379,
128,801.177,801.177,
255,801.713,801.713,
8,780.103,780.103,
16,802.49,,802.49
32,800.533,800.533,
64,803.883,,803.883
128,804.181,,804.181
255,806.902,,806.902
8,803.502,,803.502
16,805.63,,805.63
32,806.865,,806.865
64,800.307,800.307,
128,802.44,802.44,
255,802.483,802.483,
8,780.105,780.105,
16,804.192,,804.192
32,803.759,,803.759
64,803.31,,803.31
128,803.065,,803.065
255,802.618,802.618,
8,793.319,793.319,
16,784.564,784.564,
32,806.109,,806.109
64,776.979,776.979,
128,809.41,,809.41
255,804.144,,804.144
8,779.683,779.683,
16,779.27,779.27,
32,803.792,,803.792
64,802.878,802.878,
128,779.37,779.37,
255,779.256,779.256,
8,802.892,802.892,
16,804.261,,804.261
32,801.638,801.638,
64,801.754,801.754,
128,803.91,,803.91
255,803.667,,803.667
8,806.049,,806.049
16,802.417,,802.417
32,802.675,,802.675
64,801.763,801.763,
128,803.014,,803.014
255,780.158,780.158,
8,804.812,,804.812
16,781.102,781.102,
32,777.201,777.201,
64,805.718,,805.718
128,776.626,776.626,
255,779.078,779.078,
8,778.496,778.496,
16,801.202,801.202,
32,803.119,,803.119
64,778.627,778.627,
128,803.703,,803.703
255,804.395,,804.395
8,804.468,,804.468
16,801.896,801.896,
32,778.599,778.599,
64,805.129,,805.129
128,778.492,778.492,
255,803.818,,803.818
8,804.69,,804.69
16,802.475,,802.475
32,803.888,,803.888
64,801.888,801.888,
128,805.611,,805.611
255,804.788,,804.788
8,800.213,800.213,
16,808.709,,808.709
32,804.416,,804.416
64,804.536,,804.536
128,805.354,,805.354
255,800.561,800.561,
8,803.423,,803.423
16,800.459,800.459,
32,801.761,801.761,
64,803.456,,803.456
128,802.619,802.619,
255,802.027,802.027,
8,777.064,777.064,
16,802.899,,802.899
32,805.169,,805.169
64,803.215,803.215,
128,802.541,802.541,
255,778.582,778.582,
8,799.537,799.537,
16,802.583,,802.583
32,802.426,,802.426
64,805.638,,805.638
128,803.587,,803.587
255,804.501,,804.501
8,804.683,,804.683
16,800.112,800.112,
32,802.113,802.113,
64,792.935,792.935,
128,778.653,778.653,
255,803.243,,803.243
8,801.305,801.305,
16,781.332,781.332,
32,779.685,779.685,
64,801.501,801.501,
128,800.569,800.569,
255,803.813,,803.813
8,801.977,801.977,
16,779.977,779.977,
32,806.871,,806.871
64,782.8,782.8,
128,803.929,,803.929
255,804.895,,804.895
8,801.633,801.633,
16,802.3,,802.3
32,800.488,800.488,
64,802.538,802.538,
128,802.873,,802.873
255,801.85,801.85,
8,780.09,780.09,
16,802.572,,802.572
32,801.763,801.763,
64,780.48,780.48,
128,803.346,,803.346
255,800.504,800.504,
8,807.037,,807.037
16,801.865,801.865,
32,780.058,780.058,
64,802.398,802.398,
128,802.543,802.543,
255,830.976,,830.976
8,804.009,,804.009
16,801.657,801.657,
32,794.05,794.05,
64,796.417,796.417,
128,795.227,795.227,
255,804.258,,804.258
8,801.425,801.425,
16,805.001,,805.001
32,802.232,802.232,
64,782.649,782.649,
128,782.064,782.064,
255,801.978,801.978,
8,807.632,,807.632
16,804.059,,804.059
32,802.118,802.118,
64,780.246,780.246,
128,805.089,,805.089
255,780.904,780.904,
8,802.743,802.743,
16,779.244,779.244,
32,802.76,,802.76
64,781.332,781.332,
128,802.759,802.759,
255,801.957,801.957,
8,801.719,801.719,
16,801.046,801.046,
32,806.328,,806.328
64,802.148,802.148,
128,802.762,802.762,
255,806.14,,806.14
8,800.752,800.752,
16,805.113,,805.113
32,780.252,780.252,
64,802.159,802.159,
128,801.554,801.554,
255,804.128,,804.128
8,777.252,777.252,
16,802.943,,802.943
32,808.493,,808.493
64,805.236,,805.236
128,802.334,802.334,
255,804.122,,804.122
8,802.399,802.399,
16,801.204,801.204,
32,799.856,799.856,
64,796.459,796.459,
128,802.084,802.084,
255,808.863,,808.863
8,801.729,801.729,
16,802.752,,802.752
32,804.487,,804.487
64,802.901,802.901,
128,801.762,801.762,
255,806.164,,806.164
8,803.926,,803.926
16,803.533,,803.533
32,799.307,799.307,
64,779.474,779.474,
128,804.122,,804.122
255,802.864,,802.864
8,779.413,779.413,
16,802.872,,802.872
32,802.393,,802.393
64,778.255,778.255,
128,803.486,,803.486
255,780.357,780.357,
8,781.52,781.52,
16,801.358,801.358,
32,778.747,778.747,
64,801.809,801.809,
128,802.141,802.141,
255,802.305,802.305,
8,803.529,,803.529
16,805.589,,805.589
32,779.111,779.111,
64,812.622,,812.622
128,800.828,800.828,
255,804.326,,804.326
8,778.007,778.007,
16,801.706,801.706,
32,779.265,779.265,
64,794.032,794.032,
128,801.999,801.999,
255,804.22,,804.22
8,800.809,800.809,
16,803.249,,803.249
32,795.821,795.821,
64,802.597,802.597,
128,800.407,800.407,
255,802.236,802.236,
8,800.615,800.615,
16,803.192,,803.192
32,778.052,778.052,
64,804.274,,804.274
128,802.424,802.424,
255,803.61,,803.61
8,802.46,802.46,
16,797.46,797.46,
32,778.357,778.357,
64,779.403,779.403,
128,801.642,801.642,
255,804.07,,804.07
8,800.714,800.714,
16,778.682,778.682,
32,802.144,802.144,
64,800.91,800.91,
128,804.338,,804.338
255,801.012,801.012,
8,801.305,801.305,
16,806.192,,806.192
32,802.72,,802.72
64,800.313,800.313,
128,799.433,799.433,
255,801.601,801.601,
8,805.832,,805.832
16,780.245,780.245,
32,800.777,800.777,
64,801.771,801.771,
128,804.083,,804.083
255,804.247,,804.247
8,802.165,802.165,
16,803.458,,803.458
32,804.293,,804.293
64,801.948,801.948,
128,804.452,,804.452
255,801.478,801.478,
8,777.573,777.573,
16,799.694,799.694,
32,814.713,,814.713
64,779.406,779.406,
128,797.623,797.623,
255,804.183,,804.183
8,804.247,,804.247
16,803.672,,803.672
32,805.961,,805.961
64,799.691,799.691,
128,799.774,799.774,
255,801.753,801.753,
8,802.696,802.696,
16,800.723,800.723,
32,807.492,,807.492
64,802.37,802.37,
128,801.982,801.982,
255,805.719,,805.719
8,801.003,801.003,
16,780.55,780.55,
32,779.732,779.732,
64,803.81,,803.81
128,781.13,781.13,
255,801.754,801.754,
8,802.903,802.903,
16,800.969,800.969,
32,778.899,778.899,
64,804.472,,804.472
128,805.897,,805.897
255,800.701,800.701,
8,795.96,795.96,
16,804.427,,804.427
32,804.759,,804.759
64,780.334,780.334,
128,806.734,,806.734
255,801.437,801.437,
8,802.455,802.455,
16,804.629,,804.629
32,777.126,777.126,
64,803.637,,803.637
128,800.25,800.25,
255,803.238,,803.238
8,802.589,802.589,
16,800.689,800.689,
32,803.043,,803.043
64,803.925,,803.925
128,802.432,802.432,
255,802.357,802.357,
8,794.95,794.95,
16,799.501,799.501,
32,801.74,801.74,
64,804.14,,804.14
128,800.944,800.944,
255,804.172,,804.172
8,804.092,,804.092
16,802.937,,802.937
32,802.805,,802.805
64,779.143,779.143,
128,794.311,794.311,
255,804.011,,804.011
8,802.904,802.904,
16,800.276,800.276,
32,802.402,,802.402
64,806.954,,806.954
128,801.389,801.389,
255,781.954,781.954,
8,801.014,801.014,
16,776.216,776.216,
32,803.341,,803.341
64,805.629,,805.629
128,796.191,796.191,
255,801.525,801.525,
8,800.609,800.609,
16,799.733,799.733,
32,781.213,781.213,
64,804.434,,804.434
128,802.583,802.583,
255,803.005,,803.005
8,799.868,799.868,
16,800.047,800.047,
32,802.632,,802.632
64,802.595,802.595,
128,803.787,,803.787
255,800.336,800.336,
8,802.686,802.686,
16,802.061,,802.061
32,800.077,800.077,
64,803.43,,803.43
128,797.584,797.584,
255,778.724,778.724,
8,802.29,802.29,
16,776.717,776.717,
32,801.513,801.513,
64,800.446,800.446,
128,801.707,801.707,
255,800.627,800.627,
8,805.415,,805.415
16,802.829,,802.829
32,807.456,,807.456
64,797.209,797.209,
128,802.663,802.663,
255,804.742,,804.742
8,798.935,798.935,
16,802.815,,802.815
32,803.163,,803.163
64,804.195,,804.195
128,799.155,799.155,
255,799.831,799.831,
8,805.574,,805.574
16,804.842,,804.842
32,803.821,,803.821
64,803.492,,803.492
128,804.857,,804.857
255,779.631,779.631,
8,801.796,801.796,
16,786.832,786.832,
32,804.929,,804.929
64,776.759,776.759,
128,778.521,778.521,
255,803.109,,803.109
8,803.338,,803.338
16,803.293,,803.293
32,804.395,,804.395
64,803.349,,803.349
128,779.729,779.729,
255,800.055,800.055,
8,801.286,801.286,
16,800.606,800.606,
32,805.742,,805.742
64,801.968,801.968,
128,806.096,,806.096
255,800.657,800.657,
8,802.598,802.598,
16,802.475,,802.475
32,802.434,,802.434
64,805.76,,805.76
128,802.609,802.609,
255,777.454,777.454,
8,802.191,802.191,
16,808.537,,808.537
32,803.194,,803.194
64,803.706,,803.706
128,802.339,802.339,
255,787.379,787.379,
8,796.06,796.06,
16,780.049,780.049,
32,805.871,,805.871
64,778.253,778.253,
128,796.476,796.476,
255,804.275,,804.275
8,802.583,802.583,
16,798.533,798.533,
32,806.937,,806.937
64,804.728,,804.728
128,801.603,801.603,
255,805.066,,805.066
8,802.385,802.385,
16,803.644,,803.644
32,797.141,797.141,
64,804.32,,804.32
128,803.633,,803.633
255,800.082,800.082,
8,802.22,802.22,
16,799.977,799.977,
32,803.679,,803.679
64,802.636,802.636,
128,803.668,,803.668
255,807.227,,807.227
8,805.061,,805.061
16,779.084,779.084,
32,802.18,802.18,
64,804.053,,804.053
128,814.246,,814.246
255,802.651,802.651,
8,805.421,,805.421
16,801.145,801.145,
32,803.879,,803.879
64,804.381,,804.381
128,800.113,800.113,
255,801.458,801.458,
8,782.626,782.626,
16,804.623,,804.623
32,804.854,,804.854
64,803.027,803.027,
128,801.737,801.737,
255,802.754,802.754,
8,802.763,802.763,
16,803.287,,803.287
32,803.523,,803.523
64,801.76,801.76,
128,802.449,802.449,
255,803.469,,803.469
8,803.981,,803.981
16,802.16,,802.16
32,802.859,,802.859
64,776.69,776.69,
128,802.445,802.445,
255,802.292,802.292,
8,781.977,781.977,
16,779.848,779.848,
32,801.579,801.579,
64,804.104,,804.104
128,798.303,798.303,
255,802.607,802.607,
8,803.468,,803.468
16,801.868,801.868,
32,802.108,802.108,
64,800.942,800.942,
128,799.542,799.542,
255,802.848,,802.848
8,803.531,,803.531
16,802.996,,802.996
32,803.4,,803.4
64,800.381,800.381,
128,800.638,800.638,
255,801.653,801.653,
8,799.79,799.79,
16,780.162,780.162,
32,801.325,801.325,
64,794.817,794.817,
128,802.379,802.379,
255,803.593,,803.593
8,797.337,797.337,
16,804.94,,804.94
32,808.612,,808.612
64,804.738,,804.738
128,800.956,800.956,
255,798.273,798.273,
8,803.36,,803.36
16,803.465,,803.465
32,805.724,,805.724
64,802.127,802.127,
128,806.526,,806.526
255,806.366,,806.366
8,804.188,,804.188
16,777.108,777.108,
32,801.819,801.819,
64,800.498,800.498,
128,804.405,,804.405
255,801.005,801.005,
8,802.424,802.424,
16,803.514,,803.514
32,803.992,,803.992
64,779.568,779.568,
128,778.189,778.189,
255,800.608,800.608,
8,801.932,801.932,
16,802.642,,802.642
32,805.058,,805.058
64,778.998,778.998,
128,779.734,779.734,
255,782.323,782.323,
8,802.712,802.712,
16,803.03,,803.03
32,800.786,800.786,
64,803.879,,803.879
128,800.342,800.342,
255,803.768,,803.768
8,802.769,802.769,
16,801.945,801.945,
32,800.956,800.956,
64,806.778,,806.778
128,793.974,793.974,
255,801.985,801.985,
8,802.657,802.657,
16,804.401,,804.401
32,803.482,,803.482
64,806.679,,806.679
128,784.918,784.918,
255,800.606,800.606,
8,801.02,801.02,
16,804.586,,804.586
32,794.293,794.293,
64,797.663,797.663,
128,777.329,777.329,
255,801.15,801.15,
8,777.416,777.416,
16,801.731,801.731,
32,801.95,801.95,
64,802.83,802.83,
128,776.542,776.542,
255,799.758,799.758,
8,800.264,800.264,
16,803.331,,803.331
32,805.831,,805.831
64,803.587,,803.587
128,804.707,,804.707
255,803.353,,803.353
8,804.687,,804.687
16,800.034,800.034,
32,803.963,,803.963
64,802.883,802.883,
128,801.024,801.024,
255,803.54,,803.54
8,780.079,780.079,
16,801.572,801.572,
32,807.201,,807.201
64,795.827,795.827,
128,804.848,,804.848
255,805.214,,805.214
8,804.423,,804.423
16,801.111,801.111,
32,802.672,,802.672
64,808.531,,808.531
128,801.122,801.122,
255,778.044,778.044,
8,799.681,799.681,
16,804.275,,804.275
32,805.252,,805.252
64,802.602,802.602,
128,803.671,,803.671
255,797.681,797.681,
8,811.501,,811.501
16,799.802,799.802,
32,804.372,,804.372
64,802.239,802.239,
128,781.656,781.656,
255,801.639,801.639,
8,802.293,802.293,
16,777.688,777.688,
32,778.082,778.082,
64,774.303,774.303,
128,776.995,776.995,
255,804.205,,804.205
8,803.931,,803.931
16,779.055,779.055,
32,799.673,799.673,
64,801.033,801.033,
128,806.277,,806.277
255,802.263,802.263,
8,801.943,801.943,
16,801.104,801.104,
32,801.419,801.419,
64,802.785,802.785,
128,804.281,,804.281
255,801.289,801.289,
8,803.57,,803.57
16,800.102,800.102,
32,803.113,,803.113
64,805.064,,805.064
128,804.431,,804.431
255,802.594,802.594,
8,800.815,800.815,
16,806.329,,806.329
32,808.878,,808.878
64,799.246,799.246,
128,792.211,792.211,
255,779.93,779.93,
8,798.074,798.074,
16,797.893,797.893,
32,782.241,782.241,
64,806.616,,806.616
128,802.681,802.681,
255,796.065,796.065,
8,804.429,,804.429
16,802.984,,802.984
32,803.879,,803.879
64,800.557,800.557,
128,800.805,800.805,
255,797.99,797.99,
8,802.4,802.4,
16,805.269,,805.269
32,801.248,801.248,
64,780.615,780.615,
128,803.949,,803.949
255,780.157,780.157,
8,779.174,779.174,
16,802.39,,802.39
32,805.091,,805.091
64,801.13,801.13,
128,807.336,,807.336
255,798.368,798.368,
8,801.176,801.176,
16,804.547,,804.547
32,800.93,800.93,
64,804.7,,804.7
128,804.203,,804.203
255,802.698,802.698,
8,802.139,802.139,
16,801.633,801.633,
32,781.838,781.838,
64,805.646,,805.646
128,800.646,800.646,
255,800.936,800.936,
8,781.415,781.415,
16,801.506,801.506,
32,801.694,801.694,
64,804.165,,804.165
128,801.305,801.305,
255,803.088,,803.088
8,802.633,802.633,
16,803.109,,803.109
32,803.889,,803.889
64,804.646,,804.646
128,803.799,,803.799
255,802.448,802.448,
8,800.493,800.493,
16,802.508,,802.508
32,802.446,,802.446
64,805.916,,805.916
128,803.892,,803.892
255,805.444,,805.444
8,802.724,802.724,
16,781.884,781.884,
32,796.014,796.014,
64,795.179,795.179,
128,803.498,,803.498
255,801.578,801.578,
8,803.821,,803.821
16,782.532,782.532,
32,773.65,773.65,
64,804.795,,804.795
128,807.153,,807.153
255,803.95,,803.95
8,800.021,800.021,
16,802.446,,802.446
32,804.484,,804.484
64,802.783,802.783,
128,803.598,,803.598
255,801.411,801.411,
8,801.947,801.947,
16,805.369,,805.369
32,774.891,774.891,
64,804.852,,804.852
128,802.232,802.232,
255,802.898,,802.898
8,777.653,777.653,
16,811.506,,811.506
32,801.31,801.31,
64,800.61,800.61,
128,801.712,801.712,
255,776.413,776.413,
8,802.305,802.305,
16,800.989,800.989,
32,801.178,801.178,
64,804.312,,804.312
128,804.349,,804.349
255,800.782,800.782,
8,802.445,802.445,
16,803.245,,803.245
32,802.063,802.063,
64,801.965,801.965,
128,804.285,,804.285
255,794.303,794.303,
8,802.346,802.346,
16,802.449,,802.449
32,803.365,,803.365
64,776.221,776.221,
128,800.524,800.524,
255,802.963,,802.963
8,800.399,800.399,
16,802.225,,802.225
32,802.877,,802.877
64,802.508,802.508,
128,780.127,780.127,
255,806.096,,806.096
8,802.622,802.622,
16,783.224,783.224,
32,803.343,,803.343
64,799.166,799.166,
128,803.079,,803.079
255,801.393,801.393,
8,803.188,,803.188
16,804.092,,804.092
32,799.908,799.908,
64,801.54,801.54,
128,779.485,779.485,
255,801.151,801.151,
8,803.203,,803.203
16,801.368,801.368,
32,779.025,779.025,
64,795.163,795.163,
128,803.715,,803.715
255,801.922,801.922,
8,801.24,801.24,
16,801.946,801.946,
32,804.643,,804.643
64,801.289,801.289,
128,801.569,801.569,
255,803.357,,803.357
8,802.514,802.514,
16,802.606,,802.606
32,805.154,,805.154
64,776.683,776.683,
128,801.739,801.739,
255,803.678,,803.678
8,802.355,802.355,
16,782.077,782.077,
32,801.54,801.54,
64,801.137,801.137,
128,801.043,801.043,
255,803.762,,803.762
8,801.927,801.927,
16,799.371,799.371,
32,805.99,,805.99
64,802.867,802.867,
128,773.401,773.401,
255,799.281,799.281,
8,802.667,802.667,
16,797.543,797.543,
32,804.109,,804.109
64,801.175,801.175,
128,802.219,802.219,
255,801.891,801.891,
8,778.112,778.112,
16,801.705,801.705,
32,800.584,800.584,
64,799.365,799.365,
128,777.188,777.188,
255,778.805,778.805,
8,801.537,801.537,
16,800.73,800.73,
32,776.307,776.307,
64,802.777,802.777,
128,802.425,802.425,
255,803.632,,803.632
8,802.417,802.417,
16,801.062,801.062,
32,800.699,800.699,
64,801.398,801.398,
128,779.994,779.994,
255,805.503,,805.503
8,801.412,801.412,
16,806.15,,806.15
32,801.116,801.116,
64,800.657,800.657,
128,806.456,,806.456
255,802.19,802.19,
8,802.105,802.105,
16,778.094,778.094,
32,802.598,,802.598
64,801.975,801.975,
128,805.317,,805.317
255,806.67,,806.67
8,801.742,801.742,
16,803.61,,803.61
32,798.028,798.028,
64,802.081,802.081,
128,777.633,777.633,
255,801.143,801.143,
8,801.274,801.274,
16,803.24,,803.24
32,802.484,,802.484
64,804.033,,804.033
128,801.694,801.694,
255,798.999,798.999,
8,806.103,,806.103
16,800.692,800.692,
32,801.065,801.065,
64,780.084,780.084,
128,780.787,780.787,
255,799.256,799.256,
8,798.35,798.35,
16,802.723,,802.723
32,780.08,780.08,
64,804.212,,804.212
128,802.017,802.017,
255,802.164,802.164,
8,802.345,802.345,
16,802.583,,802.583
32,799.327,799.327,
64,799.507,799.507,
128,802.976,,802.976
255,801.553,801.553,
8,803.655,,803.655
16,800.265,800.265,
32,802.635,,802.635
64,799.39,799.39,
128,801.615,801.615,
255,800.582,800.582,
8,800.792,800.792,
16,802.711,,802.711
32,801.602,801.602,
64,800.55,800.55,
128,778.945,778.945,
255,778.501,778.501,
8,804.783,,804.783
16,801.999,,801.999
32,800.259,800.259,
64,804.073,,804.073
128,802.03,802.03,
255,798.238,798.238,
8,777.848,777.848,
16,775.802,775.802,
32,799.931,799.931,
64,805.02,,805.02
128,772.636,772.636,
255,801.074,801.074,
8,805.361,,805.361
16,801.658,801.658,
32,803.814,,803.814
64,802.105,802.105,
128,802.419,802.419,
255,800.837,800.837,
8,804.416,,804.416
16,779.927,779.927,
32,799.899,799.899,
64,804.357,,804.357
128,802.88,,802.88
255,804.488,,804.488
8,803.05,,803.05
16,773.843,773.843,
32,781.761,781.761,
64,802.697,802.697,
128,802.433,802.433,
255,799.75,799.75,
8,800.29,800.29,
16,800.866,800.866,
32,806.794,,806.794
64,802.02,802.02,
128,801.474,801.474,
255,778.961,778.961,
8,779.377,779.377,
16,801.234,801.234,
32,801.635,801.635,
64,805.777,,805.777
128,802.422,802.422,
255,780.189,780.189,
8,806.308,,806.308
16,803.075,,803.075
32,799.979,799.979,
64,802.477,802.477,
128,775.18,775.18,
255,806.388,,806.388
8,804.165,,804.165
16,804.601,,804.601
32,800.557,800.557,
64,821.315,,821.315
128,799.528,799.528,
255,803.424,,803.424
8,800.531,800.531,
16,799.041,799.041,
32,802.75,,802.75
64,803.561,,803.561
128,800.037,800.037,
255,800.793,800.793,
8,794.239,794.239,
16,801.187,801.187,
32,802.977,,802.977
64,805.85,,805.85
128,802.266,802.266,
255,778.196,778.196,
8,776.686,776.686,
16,800.632,800.632,
32,804.513,,804.513
64,799.137,799.137,
128,778.491,778.491,
255,776.142,776.142,
8,803.159,,803.159
16,794.366,794.366,
32,799.971,799.971,
64,800.394,800.394,
128,800.172,800.172,
255,804.698,,804.698
8,803.247,,803.247
16,802.576,,802.576
32,802.021,802.021,
64,798.906,798.906,
128,777.532,777.532,
255,777.907,777.907,
8,801.974,801.974,
16,804.229,,804.229
32,804.275,,804.275
64,778.338,778.338,
128,803.799,,803.799
255,777.595,777.595,
8,798.796,798.796,
16,798.493,798.493,
32,777.083,777.083,
64,800.015,800.015,
128,802.21,802.21,
255,799.965,799.965,
8,801.56,801.56,
16,800.754,800.754,
32,801.281,801.281,
64,779.038,779.038,
128,801.091,801.091,
255,801.74,801.74,
8,799.629,799.629,
16,800.239,800.239,
32,798.306,798.306,
64,801.037,801.037,
128,802.64,802.64,
255,800.456,800.456,
8,800.107,800.107,
16,799.191,799.191,
32,802.338,802.338,
64,803.443,,803.443
128,798.233,798.233,
255,800.457,800.457,
8,800.137,800.137,
16,800.039,800.039,
32,780.587,780.587,
64,801.938,801.938,
128,777.607,777.607,
255,792.65,792.65,
8,793.647,793.647,
16,801.45,801.45,
32,802.957,,802.957
64,800.6,800.6,
128,797.809,797.809,
255,800.824,800.824,
8,799.326,799.326,
16,801.02,801.02,
32,802.984,,802.984
64,775.007,775.007,
128,800.546,800.546,
255,800.67,800.67,
8,803.29,,803.29
16,800.131,800.131,
32,800.226,800.226,
64,798.187,798.187,
128,801.233,801.233,
255,801.798,801.798,
8,800.047,800.047,
16,798.684,798.684,
32,801.709,801.709,
64,800.619,800.619,
128,800.426,800.426,
255,802.885,,802.885
8,798.444,798.444,
16,800.437,800.437,
32,800.335,800.335,
64,800.512,800.512,
128,798.527,798.527,
255,775.829,775.829,
8,804.003,,804.003
16,801.55,801.55,
32,799.061,799.061,
64,773.171,773.171,
128,799.675,799.675,
255,794.985,794.985,
8,805.034,,805.034
16,800.085,800.085,
32,806.935,,806.935
64,800.742,800.742,
128,800.964,800.964,
255,800.389,800.389,
8,778.38,778.38,
16,802.542,,802.542
32,800.56,800.56,
64,800.555,800.555,
128,802.136,802.136,
255,801.54,801.54,
8,804.33,,804.33
16,803.651,,803.651
32,802.68,,802.68
64,800.795,800.795,
128,800.54,800.54,
255,798.732,798.732,
8,800.248,800.248,
16,805.865,,805.865
32,801.583,801.583,
64,800.612,800.612,
128,779.597,779.597,
255,800.426,800.426,
8,800.785,800.785,
16,802.995,,802.995
32,779.25,779.25,
64,777.689,777.689,
128,804.224,,804.224
255,795.541,795.541,
8,799.449,799.449,
16,799.567,799.567,
32,800.408,800.408,
64,799.201,799.201,
128,799.201,799.201,
255,778.557,778.557,
8,800.896,800.896,
16,798.305,798.305,
32,800.928,800.928,
64,796.755,796.755,
128,777.381,777.381,
255,799.176,799.176,
8,777.925,777.925,
16,797.275,797.275,
32,778.067,778.067,
64,802.297,802.297,
128,802.587,802.587,
255,799.415,799.415,
8,804.891,,804.891
16,803.183,,803.183
32,795.959,795.959,
64,802.086,802.086,
128,800.443,800.443,
255,796.861,796.861,
8,804.376,,804.376
16,801.63,801.63,
32,775.63,775.63,
64,793.063,793.063,
128,793.714,793.714,
255,799.639,799.639,
8,797.267,797.267,
16,775.686,775.686,
32,800.577,800.577,
64,803.847,,803.847
128,780.892,780.892,
255,797.306,797.306,
8,799.047,799.047,
16,801.061,801.061,
32,799.67,799.67,
64,801.031,801.031,
128,802.008,802.008,
255,800.593,800.593,
8,800.146,800.146,
16,800.536,800.536,
32,802.639,,802.639
64,799.592,799.592,
128,799.803,799.803,
255,800.765,800.765,
8,799.066,799.066,
16,777.366,777.366,
32,802.134,802.134,
64,799.239,799.239,
128,794.318,794.318,
255,781.094,781.094,
8,804.099,,804.099
16,776.484,776.484,
32,800.552,800.552,
64,800.896,800.896,
128,804.286,,804.286
255,799.747,799.747,
8,797.505,797.505,
16,780.149,780.149,
32,800.864,800.864,
64,801.938,801.938,
128,803.097,,803.097
255,799.12,799.12,
8,798.707,798.707,
16,779.147,779.147,
32,778.061,778.061,
64,801.478,801.478,
128,801.546,801.546,
255,800.282,800.282,
8,801.991,801.991,
16,776.67,776.67,
32,799.762,799.762,
64,803.241,803.241,
128,800.635,800.635,
255,775.405,775.405,
8,800.385,800.385,
16,797.658,797.658,
32,770.33,770.33,
64,801.153,801.153,
128,802.155,802.155,
255,800.944,800.944,
8,798.959,798.959,
16,801.186,801.186,
32,799.782,799.782,
64,782.169,782.169,
128,800.381,800.381,
255,799.62,799.62,
8,800.723,800.723,
16,800.957,800.957,
32,802.125,802.125,
64,799.67,799.67,
128,777.273,777.273,
255,798.075,798.075,
8,799.658,799.658,
16,776.13,776.13,
32,826.076,,826.076
64,800.22,800.22,
128,798.719,798.719,
255,800.574,800.574,
8,799.078,799.078,
16,799.449,799.449,
32,780.04,780.04,
64,797.388,797.388,
128,776.554,776.554,
255,796.795,796.795,
8,800.903,800.903,
16,800.64,800.64,
32,799.338,799.338,
64,800.186,800.186,
128,798.244,798.244,
255,796.937,796.937,
8,803.208,,803.208
16,780.034,780.034,
32,800.079,800.079,
64,800.932,800.932,
128,803.459,,803.459
255,799.359,799.359,
8,804.279,,804.279
16,777.124,777.124,
32,775.577,775.577,
64,800.822,800.822,
128,800.484,800.484,
255,778.161,778.161,
8,802.798,802.798,
16,800.391,800.391,
32,800.786,800.786,
64,779.412,779.412,
128,800.618,800.618,
255,798.417,798.417,
8,800.004,800.004,
16,802.66,,802.66
32,801.018,801.018,
64,798.82,798.82,
128,777.113,777.113,
255,793.028,793.028,
8,776.919,776.919,
16,799.381,799.381,
32,799.003,799.003,
64,801.872,801.872,
128,777.443,777.443,
255,802.453,802.453,
8,798.46,798.46,
16,779.562,779.562,
32,798.867,798.867,
64,800.549,800.549,
128,800.137,800.137,
255,803.837,,803.837
8,803.16,,803.16
16,802.437,,802.437
32,802.451,,802.451
64,796.742,796.742,
128,799.579,799.579,
255,779.001,779.001,
8,799.679,799.679,
16,804.208,,804.208
32,776.985,776.985,
64,801.652,801.652,
128,805.574,,805.574
255,800.815,800.815,
8,801.974,801.974,
16,801.342,801.342,
32,801.316,801.316,
64,802.137,802.137,
128,799.509,799.509,
255,801.76,801.76,
8,798.935,798.935,
16,801.676,801.676,
32,805.509,,805.509
64,802.985,802.985,
128,801.519,801.519,
255,802.204,802.204,
8,801.495,801.495,
16,799.202,799.202,
32,800.719,800.719,
64,799.544,799.544,
128,799.005,799.005,
255,803.586,,803.586
8,799.518,799.518,
16,795.111,795.111,
32,801.827,801.827,
64,805.855,,805.855
128,800.629,800.629,
255,802.08,802.08,
8,801.727,801.727,
16,803.049,,803.049
32,802.936,,802.936
64,803.758,,803.758
128,795.682,795.682,
255,799.857,799.857,
8,779.282,779.282,
16,799.408,799.408,
32,779.967,779.967,
64,804.089,,804.089
128,800.858,800.858,
255,796.069,796.069,
8,802.942,802.942,
16,777.77,777.77,
32,800.045,800.045,
64,799.472,799.472,
128,801.255,801.255,
255,800.638,800.638,
8,807.549,,807.549
16,799.764,799.764,
32,799.924,799.924,
64,799.663,799.663,
128,801.263,801.263,
255,802.227,802.227,
8,778.732,778.732,
16,801.102,801.102,
32,801.518,801.518,
64,802.358,802.358,
128,800.347,800.347,
255,801.794,801.794,
8,799.671,799.671,
16,800.511,800.511,
32,800.915,800.915,
64,778.726,778.726,
128,798.963,798.963,
255,801.732,801.732,
8,798.284,798.284,
16,800.16,800.16,
32,776.319,776.319,
64,800.015,800.015,
128,804.602,,804.602
255,799.39,799.39,
8,798.293,798.293,
16,799.8,799.8,
32,799.772,799.772,
64,802.916,802.916,
128,776.258,776.258,
255,803.082,,803.082
8,799.237,799.237,
16,802.103,,802.103
32,776.888,776.888,
64,800.43,800.43,
128,800.058,800.058,
255,799.074,799.074,
8,794.049,794.049,
16,796.987,796.987,
32,796.52,796.52,
64,796.747,796.747,
128,805.397,,805.397
255,773.551,773.551,
8,802.28,802.28,
16,800.353,800.353,
32,799.776,799.776,
64,800.832,800.832,
128,799.587,799.587,
255,800.272,800.272,
8,799.771,799.771,
16,800.898,800.898,
32,800.805,800.805,
64,799.389,799.389,
128,777.016,777.016,
255,799.468,799.468,
8,777.887,777.887,
16,800.495,800.495,
32,800.942,800.942,
64,800.838,800.838,
128,799.067,799.067,
255,800.588,800.588,
8,801.09,801.09,
16,798.087,798.087,
32,799.97,799.97,
64,802.49,802.49,
128,799.783,799.783,
255,797.437,797.437,
8,776.849,776.849,
16,801.963,,801.963
32,800.024,800.024,
64,800.406,800.406,
128,798.604,798.604,
255,777.528,777.528,
8,800.592,800.592,
16,798.934,798.934,
32,800.295,800.295,
64,794.146,794.146,
128,798.673,798.673,
255,803.312,,803.312
8,803.307,,803.307
16,801.188,801.188,
32,802.999,,802.999
64,804.931,,804.931
128,803.594,,803.594
255,803.931,,803.931
8,802.129,802.129,
16,775.15,775.15,
32,804.472,,804.472
64,803.84,,803.84
128,775.562,775.562,
255,777.574,777.574,
8,800.645,800.645,
16,799.039,799.039,
32,776.202,776.202,
64,802.483,802.483,
128,799.788,799.788,
255,776.827,776.827,
8,800.915,800.915,
16,779.651,779.651,
32,798.912,798.912,
64,802.798,802.798,
128,799.458,799.458,
255,777.873,777.873,
8,796.363,796.363,
16,798.935,798.935,
32,802.954,,802.954
64,800.444,800.444,
128,800.411,800.411,
255,800.683,800.683,
8,801.792,801.792,
16,798.323,798.323,
32,801.141,801.141,
64,803.478,,803.478
128,802.248,802.248,
255,805.366,,805.366
8,804.061,,804.061
16,805.894,,805.894
32,800.284,800.284,
64,801.431,801.431,
128,777.147,777.147,
255,799.798,799.798,
8,780.991,780.991,
16,778.685,778.685,
32,798.607,798.607,
64,802.632,802.632,
128,798.834,798.834,
255,801.914,801.914,
8,800.937,800.937,
16,802.571,,802.571
32,801.725,801.725,
64,799.536,799.536,
128,781.871,781.871,
255,801.691,801.691,
8,805.485,,805.485
16,800.749,800.749,
32,778.576,778.576,
64,792.665,792.665,
128,801.605,801.605,
255,778.702,778.702,
8,801.014,801.014,
16,801.524,801.524,
32,804.463,,804.463
64,774.416,774.416,
128,802.259,802.259,
255,804.647,,804.647
8,804.72,,804.72
16,801.294,801.294,
32,799.575,799.575,
64,800.899,800.899,
128,778.644,778.644,
255,800.93,800.93,
8,777.023,777.023,
16,778.676,778.676,
32,802.285,802.285,
64,800.208,800.208,
128,799.185,799.185,
255,803.22,,803.22
8,801.029,801.029,
16,802.296,,802.296
32,799.698,799.698,
64,801.748,801.748,
128,799.884,799.884,
255,803.11,,803.11
8,799.433,799.433,
16,799.36,799.36,
32,801.395,801.395,
64,800.197,800.197,
128,802.977,,802.977
255,801.701,801.701,
8,774.728,774.728,
16,799.357,799.357,
32,792.612,792.612,
64,779.401,779.401,
128,800.453,800.453,
255,801.842,801.842,
8,800.104,800.104,
16,802.747,,802.747
32,796.557,796.557,
64,802.615,802.615,
128,800.44,800.44,
255,801.687,801.687,
8,801.658,801.658,
16,799.06,799.06,
32,797.269,797.269,
64,801.424,801.424,
128,800.465,800.465,
255,792.191,792.191,
8,802.022,802.022,
16,800.095,800.095,
32,778.95,778.95,
64,800.339,800.339,
128,797.488,797.488,
255,802.733,802.733,
8,802.2,802.2,
16,801.184,801.184,
32,801.743,801.743,
64,801.903,801.903,
128,798.977,798.977,
255,802.272,802.272,
8,800.88,800.88,
16,799.856,799.856,
32,779.656,779.656,
64,804.56,,804.56
128,779.66,779.66,
255,796.819,796.819,
8,801.235,801.235,
16,801.65,801.65,
32,801.768,801.768,
64,801.842,801.842,
128,804.823,,804.823
255,797.579,797.579,
8,800.813,800.813,
16,800.79,800.79,
32,798.872,798.872,
64,782.039,782.039,
128,801.823,801.823,
255,800.1,800.1,
8,778.59,778.59,
16,792.805,792.805,
32,801.609,801.609,
64,799.294,799.294,
128,778.783,778.783,
255,798.944,798.944,
8,797.446,797.446,
16,798.194,798.194,
32,800.077,800.077,
64,798.863,798.863,
128,799.006,799.006,
255,800.573,800.573,
8,799.389,799.389,
16,800.385,800.385,
32,797.833,797.833,
64,782.683,782.683,
128,799.613,799.613,
255,801.313,801.313,
8,793.647,793.647,
16,798.356,798.356,
32,777.077,777.077,
64,777.715,777.715,
128,797.754,797.754,
255,800.21,800.21,
8,799.45,799.45,
16,777.848,777.848,
32,776.864,776.864,
64,800.309,800.309,
128,776.241,776.241,
255,798.156,798.156,
8,799.508,799.508,
16,800.886,800.886,
32,801.303,801.303,
64,801.061,801.061,
128,776.005,776.005,
255,800.85,800.85,
8,778.634,778.634,
16,804.885,,804.885
32,800.655,800.655,
64,800.022,800.022,
128,774.571,774.571,
255,800.91,800.91,
8,801.296,801.296,
16,777.729,777.729,
32,799.36,799.36,
64,802.551,802.551,
128,796.306,796.306,
255,800.693,800.693,
8,784.503,784.503,
16,800.781,800.781,
32,801.934,801.934,
64,799.54,799.54,
128,801.63,801.63,
255,803.097,,803.097
8,800.515,800.515,
16,800.711,800.711,
32,800.067,800.067,
64,774.588,774.588,
128,799.784,799.784,
255,799.38,799.38,
8,802.591,802.591,
16,800.952,800.952,
32,800.744,800.744,
64,779.177,779.177,
128,799.694,799.694,
255,800.685,800.685,
8,798.449,798.449,
16,776.74,776.74,
32,800.417,800.417,
64,798.855,798.855,
128,801.333,801.333,
255,801.021,801.021,
8,800.572,800.572,
16,800.962,800.962,
32,798.415,798.415,
64,776.937,776.937,
128,776.451,776.451,
255,800.226,800.226,
8,797.564,797.564,
16,800.694,800.694,
32,777.957,777.957,
64,802.547,802.547,
128,801.568,801.568,
255,801.628,801.628,
8,800.45,800.45,
16,779.619,779.619,
32,800.145,800.145,
64,806.124,,806.124
128,794.484,794.484,
255,793.682,793.682,
8,800.257,800.257,
16,800.446,800.446,
32,771.936,771.936,
64,800.801,800.801,
128,803.189,,803.189
255,799.525,799.525,
8,799.882,799.882,
16,800.306,800.306,
32,798.555,798.555,
64,800.439,800.439,
128,799.688,799.688,
255,803.605,,803.605
8,799.116,799.116,
16,800.521,800.521,
32,798.415,798.415,
64,777.774,777.774,
128,801.342,801.342,
255,798.967,798.967,
8,798.722,798.722,
16,779.494,779.494,
32,799.747,799.747,
64,800.191,800.191,
128,801.731,801.731,
255,800.919,800.919,
8,801.744,801.744,
16,778.372,778.372,
32,800.43,800.43,
64,801.407,801.407,
128,799.669,799.669,
255,802.934,,802.934
8,799.199,799.199,
16,800.234,800.234,
32,799.684,799.684,
64,800.166,800.166,
128,798.312,798.312,
255,802.324,802.324,
8,800.179,800.179,
16,792.724,792.724,
32,802.837,,802.837
64,800.478,800.478,
128,800.625,800.625,
255,800.178,800.178,
8,802.681,802.681,
16,776.994,776.994,
32,799.634,799.634,
64,775.651,775.651,
128,775.303,775.303,
255,799.678,799.678,
8,800.703,800.703,
16,797.209,797.209,
32,800.366,800.366,
64,800.35,800.35,
128,798.377,798.377,
255,799.42,799.42,
8,799.126,799.126,
16,798.894,798.894,
32,771.606,771.606,
64,799.224,799.224,
128,797.489,797.489,
255,798.298,798.298,
8,782.193,782.193,
16,798.791,798.791,
32,796.614,796.614,
64,769.521,769.521,
128,801.794,801.794,
255,777.954,777.954,
8,776.638,776.638,
16,779.506,779.506,
32,807.828,,807.828
64,801.839,801.839,
128,795.46,795.46,
255,803.985,,803.985
8,801.29,801.29,
16,801.393,801.393,
32,798.436,798.436,
64,792.572,792.572,
128,801.057,801.057,
255,826.502,,826.502
8,801.133,801.133,
16,800.887,800.887,
32,799.452,799.452,
64,800.519,800.519,
128,775.434,775.434,
255,795.206,795.206,
8,800.919,800.919,
16,800.964,800.964,
32,800.221,800.221,
64,802.061,802.061,
128,797.84,797.84,
255,797.693,797.693,
8,802.042,802.042,
16,777.382,777.382,
32,802.615,,802.615
64,799.409,799.409,
128,802.089,802.089,
255,800.505,800.505,
8,801.199,801.199,
16,794.014,794.014,
32,800.129,800.129,
64,777.103,777.103,
128,802.112,802.112,
255,800.699,800.699,
8,803.172,,803.172
16,802.989,,802.989
32,800.342,800.342,
64,801.767,801.767,
128,804.975,,804.975
255,777.349,777.349,
8,801.658,801.658,
16,800.444,800.444,
32,799.372,799.372,
64,801.094,801.094,
128,801.049,801.049,
255,795.668,795.668,
8,801.188,801.188,
16,800.064,800.064,
32,800.926,800.926,
64,806.592,,806.592
128,803.099,,803.099
255,799.874,799.874,
8,799.768,799.768,
16,803.769,,803.769
32,799.658,799.658,
64,771.174,771.174,
128,800.75,800.75,
255,798.297,798.297,
8,799.579,799.579,
16,799.339,799.339,
32,798.793,798.793,
64,800.088,800.088,
128,797.077,797.077,
255,800.296,800.296,
8,796.224,796.224,
16,796.061,796.061,
32,797.597,797.597,
64,801.478,801.478,
128,803.778,,803.778
255,801.238,801.238,
8,799.877,799.877,
16,776.214,776.214,
32,799.288,799.288,
64,800.826,800.826,
128,805.601,,805.601
255,794.008,794.008,
8,799.691,799.691,
16,801.943,801.943,
32,803.073,,803.073
64,799.888,799.888,
128,807.567,,807.567
255,795.607,795.607,
8,796.114,796.114,
16,779.405,779.405,
32,798.956,798.956,
64,799.198,799.198,
128,801.668,801.668,
255,774.303,774.303,
8,776.018,776.018,
16,800.176,800.176,
32,799.537,799.537,
64,802.955,802.955,
128,800.821,800.821,
255,796.497,796.497,
8,795.247,795.247,
16,799.991,799.991,
32,801.623,801.623,
64,800.945,800.945,
128,798.904,798.904,
255,802.549,802.549,
8,799.057,799.057,
16,800.132,800.132,
32,801.692,801.692,
64,799.052,799.052,
128,801.208,801.208,
255,798.993,798.993,
8,777.367,777.367,
16,799.709,799.709,
32,801.233,801.233,
64,800.52,800.52,
128,800.093,800.093,
255,802.22,802.22,
8,802.2,802.2,
16,777.771,777.771,
32,804.813,,804.813
64,799.231,799.231,
128,799.106,799.106,
255,801.541,801.541,
8,804.802,,804.802
16,779.589,779.589,
32,800.332,800.332,
64,777.704,777.704,
128,800.26,800.26,
255,778.809,778.809,
8,799.78,799.78,
16,797.43,797.43,
32,776.673,776.673,
64,798.77,798.77,
128,778.023,778.023,
255,801.865,801.865,
8,799.011,799.011,
16,795.425,795.425,
32,801.563,801.563,
64,805.138,,805.138
128,802.216,802.216,
255,796.369,796.369,
8,800.976,800.976,
16,778.079,778.079,
32,799.995,799.995,
64,800.538,800.538,
128,799.558,799.558,
255,801.051,801.051,
8,778.398,778.398,
16,772.507,772.507,
32,802.9,,802.9
64,800.158,800.158,
128,799.726,799.726,
255,801.098,801.098,
8,800.093,800.093,
16,801.353,801.353,
32,798.447,798.447,
64,798.401,798.401,
128,803.1,,803.1
255,801.078,801.078,
8,803.297,,803.297
16,800.002,800.002,
32,799.293,799.293,
64,798.687,798.687,
128,798.355,798.355,
255,801.31,801.31,
8,800.227,800.227,
16,800.769,800.769,
32,800.446,800.446,
64,805.046,,805.046
128,799.671,799.671,
255,802.819,,802.819
8,776.755,776.755,
16,803.481,,803.481
32,802.072,802.072,
64,801.063,801.063,
128,800.589,800.589,
255,802.416,802.416,
8,800.626,800.626,
16,801.058,801.058,
32,798.687,798.687,
64,798.601,798.601,
128,775.922,775.922,
255,799.764,799.764,
8,801.466,801.466,
16,797.182,797.182,
32,799.771,799.771,
64,800.476,800.476,
128,799.291,799.291,
255,776.824,776.824,
8,801.569,801.569,
16,800.708,800.708,
32,802.964,,802.964
64,798.116,798.116,
128,801.307,801.307,
255,802.65,802.65,
8,802.598,802.598,
16,797.209,797.209,
32,801.552,801.552,
64,802.529,802.529,
128,798.6,798.6,
255,781.388,781.388,
8,799.0,799.0,
16,800.583,800.583,
32,801.089,801.089,
64,800.819,800.819,
128,802.489,802.489,
255,777.199,777.199,
8,799.736,799.736,
16,801.617,801.617,
32,802.66,,802.66
64,776.884,776.884,
128,799.693,799.693,
255,802.12,802.12,
8,800.767,800.767,
16,793.885,793.885,
32,800.732,800.732,
64,804.138,,804.138
128,802.716,802.716,
255,776.692,776.692,
8,804.553,,804.553
16,802.834,,802.834
32,779.864,779.864,
64,797.238,797.238,
128,800.784,800.784,
255,798.848,798.848,
8,800.494,800.494,
16,790.661,790.661,
32,802.264,802.264,
64,776.464,776.464,
128,803.36,,803.36
255,778.82,778.82,
8,801.11,801.11,
16,794.737,794.737,
32,801.66,801.66,
64,777.973,777.973,
128,794.122,794.122,
255,774.909,774.909,
8,796.546,796.546,
16,802.136,,802.136
32,802.233,802.233,
64,800.118,800.118,
128,802.334,802.334,
255,796.888,796.888,
8,792.575,792.575,
16,801.527,801.527,
32,776.083,776.083,
64,799.696,799.696,
128,777.245,777.245,
255,800.556,800.556,
8,778.52,778.52,
16,775.331,775.331,
32,803.226,,803.226
64,802.429,802.429,
128,800.331,800.331,
255,800.739,800.739,
8,808.756,,808.756
16,800.811,800.811,
32,803.073,,803.073
64,800.67,800.67,
128,799.27,799.27,
255,802.055,802.055,
8,797.073,797.073,
16,800.167,800.167,
32,799.584,799.584,
64,801.428,801.428,
128,798.627,798.627,
255,799.37,799.37,
8,778.218,778.218,
16,800.677,800.677,
32,802.074,802.074,
64,796.146,796.146,
128,802.475,802.475,
255,794.46,794.46,
8,800.735,800.735,
16,799.459,799.459,
32,800.572,800.572,
64,776.552,776.552,
128,799.377,799.377,
255,802.486,802.486,
8,800.965,800.965,
16,802.618,,802.618
32,802.816,,802.816
64,797.94,797.94,
128,798.181,798.181,
255,803.75,,803.75
8,798.366,798.366,
16,777.335,777.335,
32,802.408,,802.408
64,800.538,800.538,
128,779.169,779.169,
255,797.785,797.785,
8,803.664,,803.664
16,803.8,,803.8
32,776.519,776.519,
64,800.677,800.677,
128,800.969,800.969,
255,802.385,802.385,
8,805.396,,805.396
16,777.901,777.901,
32,800.996,800.996,
64,798.089,798.089,
128,802.553,802.553,
255,798.754,798.754,
8,802.324,802.324,
16,799.352,799.352,
32,776.951,776.951,
64,800.827,800.827,
128,799.72,799.72,
255,800.669,800.669,
8,801.772,801.772,
16,798.274,798.274,
32,780.727,780.727,
64,801.016,801.016,
128,800.701,800.701,
255,802.195,802.195,
8,801.701,801.701,
16,799.488,799.488,
32,783.188,783.188,
64,802.294,802.294,
128,801.3,801.3,
255,801.519,801.519,
8,780.541,780.541,
16,800.642,800.642,
32,777.514,777.514,
64,803.532,,803.532
128,799.092,799.092,
255,799.958,799.958,
8,798.983,798.983,
16,801.494,801.494,
32,809.63,,809.63
64,800.754,800.754,
128,772.493,772.493,
255,800.078,800.078,
8,799.307,799.307,
16,779.468,779.468,
32,803.386,,803.386
64,776.454,776.454,
128,808.953,,808.953
255,800.668,800.668,
8,800.953,800.953,
16,805.489,,805.489
32,799.16,799.16,
64,776.354,776.354,
128,799.072,799.072,
255,780.318,780.318,
8,802.687,802.687,
16,799.641,799.641,
32,800.537,800.537,
64,798.21,798.21,
128,800.808,800.808,
255,800.993,800.993,
8,800.053,800.053,
16,800.621,800.621,
32,800.138,800.138,
64,806.441,,806.441
128,807.109,,807.109
255,797.43,797.43,
8,793.373,793.373,
16,800.309,800.309,
32,801.702,801.702,
64,777.128,777.128,
128,799.675,799.675,
255,802.738,802.738,
8,805.273,,805.273
16,802.975,,802.975
32,801.955,801.955,
64,801.218,801.218,
128,801.972,801.972,
255,799.063,799.063,
8,802.614,802.614,
16,778.999,778.999,
32,802.962,,802.962
64,800.942,800.942,
128,802.035,802.035,
255,799.016,799.016,
8,800.423,800.423,
16,800.443,800.443,
32,776.552,776.552,
64,801.077,801.077,
128,797.577,797.577,
255,802.506,802.506,
8,798.578,798.578,
16,801.653,801.653,
32,801.623,801.623,
64,803.239,803.239,
128,801.889,801.889,
255,801.658,801.658,
8,800.078,800.078,
16,793.613,793.613,
32,798.681,798.681,
64,798.878,798.878,
128,776.761,776.761,
255,798.696,798.696,
8,801.142,801.142,
16,775.332,775.332,
32,796.926,796.926,
64,800.571,800.571,
128,806.912,,806.912
255,794.694,794.694,
8,802.897,802.897,
16,778.879,778.879,
32,801.893,801.893,
64,800.622,800.622,
128,777.986,777.986,
255,801.436,801.436,
8,800.986,800.986,
16,799.932,799.932,
32,798.504,798.504,
64,799.822,799.822,
128,801.184,801.184,
255,801.41,801.41,
8,801.033,801.033,
16,801.469,801.469,
32,777.885,777.885,
64,799.327,799.327,
128,778.97,778.97,
255,802.358,802.358,
8,802.352,802.352,
16,801.815,801.815,
32,777.152,777.152,
64,800.255,800.255,
128,801.844,801.844,
255,799.39,799.39,
8,803.921,,803.921
16,805.908,,805.908
32,802.801,,802.801
64,801.424,801.424,
128,801.536,801.536,
255,801.636,801.636,
8,800.011,800.011,
16,799.134,799.134,
32,811.147,,811.147
64,806.532,,806.532
128,801.543,801.543,
255,791.495,791.495,
8,774.985,774.985,
16,801.207,801.207,
32,803.149,,803.149
64,801.037,801.037,
128,804.116,,804.116
255,800.703,800.703,
8,801.826,801.826,
16,782.735,782.735,
32,778.467,778.467,
64,803.76,,803.76
128,799.588,799.588,
255,803.207,,803.207
8,777.612,777.612,
16,801.603,801.603,
32,777.969,777.969,
64,798.308,798.308,
128,802.516,802.516,
255,779.308,779.308,
8,777.749,777.749,
16,779.306,779.306,
32,779.108,779.108,
64,799.373,799.373,
128,779.982,779.982,
255,773.975,773.975,
8,803.558,,803.558
16,806.009,,806.009
32,779.462,779.462,
64,801.503,801.503,
128,799.535,799.535,
255,800.902,800.902,
8,803.232,,803.232
16,801.4,801.4,
32,802.116,802.116,
64,776.8,776.8,
128,800.26,800.26,
255,803.308,,803.308
8,799.223,799.223,
16,801.414,801.414,
32,802.942,,802.942
64,801.533,801.533,
128,777.994,777.994,
255,803.148,,803.148
8,802.651,802.651,
16,799.393,799.393,
32,773.085,773.085,
64,807.296,,807.296
128,796.607,796.607,
255,802.416,802.416,
8,801.024,801.024,
16,800.806,800.806,
32,802.178,802.178,
64,800.611,800.611,
128,802.898,,802.898
255,804.556,,804.556
8,805.904,,805.904
16,774.688,774.688,
32,801.575,801.575,
64,798.985,798.985,
128,803.244,,803.244
255,806.234,,806.234
8,798.567,798.567,
16,801.45,801.45,
32,778.308,778.308,
64,800.874,800.874,
128,778.965,778.965,
255,778.966,778.966,
8,801.469,801.469,
16,801.5,801.5,
32,801.541,801.541,
64,776.963,776.963,
128,799.6,799.6,
255,799.779,799.779,
8,800.856,800.856,
16,802.34,,802.34
32,798.121,798.121,
64,774.219,774.219,
128,798.908,798.908,
255,777.91,777.91,
8,801.784,801.784,
16,802.676,,802.676
32,802.994,,802.994
64,799.328,799.328,
128,782.581,782.581,
255,801.449,801.449,
8,777.006,777.006,
16,801.704,801.704,
32,798.695,798.695,
64,798.078,798.078,
128,803.504,,803.504
255,777.489,777.489,
8,800.941,800.941,
16,801.291,801.291,
32,800.48,800.48,
64,799.175,799.175,
128,800.2,800.2,
255,800.142,800.142,
8,802.004,802.004,
16,803.229,,803.229
32,799.44,799.44,
64,777.03,777.03,
128,798.802,798.802,
255,800.375,800.375,
8,799.597,799.597,
16,802.071,,802.071
32,798.647,798.647,
64,806.053,,806.053
128,800.32,800.32,
255,801.03,801.03,
8,801.122,801.122,
16,798.673,798.673,
32,804.737,,804.737
64,776.252,776.252,
128,800.593,800.593,
255,799.217,799.217,
8,802.332,802.332,
16,778.528,778.528,
32,796.721,796.721,
64,801.435,801.435,
128,778.914,778.914,
255,777.81,777.81,
8,806.981,,806.981
16,781.249,781.249,
32,800.1,800.1,
64,798.9,798.9,
128,776.992,776.992,
255,803.461,,803.461
8,799.361,799.361,
16,800.151,800.151,
32,801.913,801.913,
64,795.714,795.714,
128,806.49,,806.49
255,800.331,800.331,
8,803.498,,803.498
16,803.154,,803.154
32,804.006,,804.006
64,802.318,802.318,
128,801.893,801.893,
255,801.615,801.615,
8,801.445,801.445,
16,800.625,800.625,
32,803.402,,803.402
64,777.8,777.8,
128,800.487,800.487,
255,798.42,798.42,
8,799.303,799.303,
16,802.728,,802.728
32,800.758,800.758,
64,775.572,775.572,
128,776.163,776.163,
255,803.116,,803.116
8,776.836,776.836,
16,776.54,776.54,
32,778.509,778.509,
64,798.986,798.986,
128,800.158,800.158,
255,804.18,,804.18
8,798.678,798.678,
16,799.507,799.507,
32,775.969,775.969,
64,799.614,799.614,
128,800.66,800.66,
255,775.891,775.891,
8,780.804,780.804,
16,799.517,799.517,
32,803.823,,803.823
64,801.887,801.887,
128,793.674,793.674,
255,803.443,,803.443
8,802.227,802.227,
16,800.88,800.88,
32,797.388,797.388,
64,800.014,800.014,
128,799.12,799.12,
255,801.72,801.72,
8,802.061,802.061,
16,799.687,799.687,
32,801.832,801.832,
64,801.002,801.002,
128,804.307,,804.307
255,799.421,799.421,
8,799.92,799.92,
16,801.706,801.706,
32,802.249,802.249,
64,798.021,798.021,
128,799.963,799.963,
255,801.24,801.24,
8,798.227,798.227,
16,779.369,779.369,
32,800.338,800.338,
64,783.237,783.237,
128,800.007,800.007,
255,797.338,797.338,
8,776.673,776.673,
16,802.416,,802.416
32,778.955,778.955,
64,800.149,800.149,
128,801.684,801.684,
255,776.983,776.983,
8,799.742,799.742,
16,801.006,801.006,
32,797.745,797.745,
64,799.439,799.439,
128,800.167,800.167,
255,799.984,799.984,
8,802.195,802.195,
16,801.084,801.084,
32,777.22,777.22,
64,800.119,800.119,
128,801.785,801.785,
255,799.375,799.375,
8,802.72,802.72,
16,810.295,,810.295
32,802.215,802.215,
64,801.275,801.275,
128,800.051,800.051,
255,798.245,798.245,
8,800.836,800.836,
16,800.991,800.991,
32,798.797,798.797,
64,800.171,800.171,
128,799.88,799.88,
255,801.487,801.487,
8,804.342,,804.342
16,796.989,796.989,
32,777.654,777.654,
64,799.734,799.734,
128,801.666,801.666,
255,801.508,801.508,
8,778.343,778.343,
16,800.898,800.898,
32,800.101,800.101,
64,800.287,800.287,
128,799.834,799.834,
255,777.574,777.574,
8,800.49,800.49,
16,800.731,800.731,
32,801.061,801.061,
64,801.733,801.733,
128,801.975,801.975,
255,803.432,,803.432
8,799.499,799.499,
16,779.944,779.944,
32,799.58,799.58,
64,800.06,800.06,
128,801.604,801.604,
255,801.609,801.609,
8,778.029,778.029,
16,775.294,775.294,
32,801.342,801.342,
64,798.303,798.303,
128,801.623,801.623,
255,801.853,801.853,
8,776.598,776.598,
16,800.804,800.804,
32,801.377,801.377,
64,800.722,800.722,
128,777.379,777.379,
255,803.989,,803.989
8,798.993,798.993,
16,823.68,,823.68
32,774.643,774.643,
64,799.583,799.583,
128,800.623,800.623,
255,792.589,792.589,
8,800.586,800.586,
16,800.972,800.972,
32,777.988,777.988,
64,801.875,801.875,
128,778.444,778.444,
255,798.498,798.498,
8,778.595,778.595,
16,800.018,800.018,
32,798.611,798.611,
64,802.262,802.262,
128,795.923,795.923,
255,801.894,801.894,
8,800.427,800.427,
16,794.381,794.381,
32,801.201,801.201,
64,802.172,802.172,
128,780.497,780.497,
255,801.019,801.019,
8,799.584,799.584,
16,802.076,,802.076
32,799.783,799.783,
64,801.169,801.169,
128,798.221,798.221,
255,799.463,799.463,
8,802.097,802.097,
16,801.571,801.571,
32,801.371,801.371,
64,802.765,802.765,
128,800.782,800.782,
255,776.884,776.884,
8,802.156,802.156,
16,799.745,799.745,
32,800.556,800.556,
64,805.284,,805.284
128,800.36,800.36,
255,803.445,,803.445
8,777.859,777.859,
16,773.668,773.668,
32,802.881,,802.881
64,796.147,796.147,
128,800.708,800.708,
255,801.2,801.2,
8,780.023,780.023,
16,797.297,797.297,
32,799.915,799.915,
64,800.674,800.674,
128,801.696,801.696,
255,778.345,778.345,
8,779.542,779.542,
16,799.785,799.785,
32,801.333,801.333,
64,802.269,802.269,
128,801.345,801.345,
255,799.284,799.284,
8,801.228,801.228,
16,778.964,778.964,
32,801.196,801.196,
64,801.867,801.867,
128,798.12,798.12,
255,800.363,800.363,
8,803.464,,803.464
16,800.853,800.853,
32,801.881,801.881,
64,796.964,796.964,
128,800.72,800.72,
255,801.939,801.939,
8,804.833,,804.833
