1687826914371105,1687826914371538,432,
1687827020059761,1687827020060015,254,
1687827037845263,1687827037845526,262,
1687827055808258,1687827055808557,299,
1687827073806285,1687827073806546,261,
1687827091758761,1687827091759030,269,
1687827108998170,1687827108998440,269,
1687827126740777,1687827126741030,253,
1687827144490218,1687827144490476,258,
1687827161999364,1687827161999620,255,
1687827179802712,1687827179803016,303,
1687827197079354,1687827197079613,258,
1687827214914555,1687827214914816,260,
1687827232490498,1687827232490759,261,
1687827249865790,1687827249866043,253,
1687827267534668,1687827267534956,288,
1687827284852127,1687827284852385,257,
1687827302209524,1687827302209877,352,
1687827320087507,1687827320087781,274,
1687827337861302,1687827337861617,315,
1687827355493785,1687827355494138,352,
1687827373265034,1687827373265292,257,
1687827390574437,1687827390574692,254,
1687827408324666,1687827408324926,260,
1687827425950282,1687827425950541,259,
1687827444243059,1687827444243318,258,
1687827461910737,1687827461911011,273,
1687827479526327,1687827479526585,258,
1687827497333415,1687827497333688,273,
1687827514710313,1687827514710571,257,
1687827532411467,1687827532411721,254,
1687827550352342,1687827550352602,259,
1687827568528828,1687827568529102,274,
1687827586367513,1687827586367765,252,
1687827604685019,1687827604685320,300,
1687827622488400,1687827622488702,301,
1687827639837923,1687827639838193,269,
1687827657776103,1687827657776364,260,
1687827675643167,1687827675643429,262,
1687827693841101,1687827693841351,249,
1687827711532671,1687827711532947,276,
1687827729414610,1687827729414865,255,
1687827747708842,1687827747709117,275,
1687827765631693,1687827765631952,259,
1687827783868327,1687827783868604,277,
1687827801984740,1687827801985021,281,
1687827820046250,1687827820046535,284,
1687827838228930,1687827838229233,303,
1687827855697832,1687827855698104,271,
1687827873812481,1687827873812773,292,
1687827891800704,1687827891801014,309,
1687827909533617,1687827909533951,334,
1687827927329264,1687827927329711,446,
1687827945433343,1687827945433603,259,
1687827963342565,1687827963342858,293,
1687828039753290,1687828039753600,309,
1687828057737815,1687828057738080,265,
1687828075464753,1687828075465062,308,
1687828093358514,1687828093358779,264,
1687828111200622,1687828111200879,257,
1687828128891616,1687828128891927,311,
1687828146840458,1687828146840718,260,
1687828165029311,1687828165029569,257,
1687828182857441,1687828182857709,267,
1687828200520042,1687828200520300,257,
1687828218444622,1687828218444918,296,
1687828236176948,1687828236177223,275,
1687828253844438,1687828253844697,258,
1687828271913882,1687828271914293,411,
1687828289925321,1687828289925574,253,
1687828307638790,1687828307639058,268,
1687828325346755,1687828325347017,262,
1687828343407256,1687828343407540,283,
1687828361619334,1687828361619602,268,
1687828379376198,1687828379376457,259,
1687828397305835,1687828397306112,277,
1687828414982264,1687828414982548,284,
1687828433402026,1687828433402279,252,
1687828451485769,1687828451486027,258,
1687828469373022,1687828469373296,274,
1687828487335817,1687828487336094,276,
1687828505375419,1687828505375727,308,
1687828522984937,1687828522985285,347,
1687828540751579,1687828540751833,253,
1687828558502120,1687828558502386,266,
1687828575824848,1687828575825106,258,
1687828593549865,1687828593550124,259,
1687828611825620,1687828611825882,261,
1687828629917762,1687828629918153,391,
1687828647584108,1687828647584372,263,
1687828665872345,1687828665872508,163,
1687828683837250,1687828683837504,253,
1687828702177567,1687828702177824,257,
1687828719875832,1687828719876082,249,
1687828737579754,1687828737580015,261,
1687828755524114,1687828755524367,253,
1687828773864069,1687828773864332,263,
1687828791868495,1687828791868749,253,
1687828809780457,1687828809780706,249,
1687828827980300,1687828827980559,259,
1687828846028383,1687828846028650,266,
1687828864112357,1687828864112622,264,
1687828881620621,1687828881620907,285,
1687828899817840,1687828899818100,260,
1687828917486587,1687828917486851,264,
1687828935872246,1687828935872501,255,
1687828953783046,1687828953783308,261,
1687828971581824,1687828971582088,264,
1687828989222359,1687828989222713,353,
1687829007010619,1687829007010879,259,
1687829024341584,1687829024341842,258,
1687829042057379,1687829042057677,298,
1687829060202600,1687829060202861,260,
1687829078026732,1687829078027004,272,
1687829095903671,1687829095903933,262,
1687829113639763,1687829113640026,263,
1687829131340826,1687829131341084,257,
1687829149727662,1687829149727922,259,
1687829167534218,1687829167534464,246,
1687829185532937,1687829185533194,257,
1687829203357116,1687829203357405,288,
1687829221128407,1687829221128665,258,
1687829238477736,1687829238477995,259,
1687829256242017,1687829256242277,259,
1687829273913982,1687829273914240,258,
1687829291623776,1687829291624032,255,
1687829309395104,1687829309395371,266,
1687829326771251,1687829326771538,286,
1687829344861961,1687829344862219,258,
1687829362917601,1687829362917858,256,
1687829380585131,1687829380585416,284,
1687829398376437,1687829398376693,256,
1687829415966152,1687829415966399,246,
1687829433736262,1687829433736519,256,
1687829451026186,1687829451026515,328,
1687829469124301,1687829469124559,257,
1687829487246808,1687829487247082,274,
1687829504971771,1687829504972030,259,
1687829523128031,1687829523128290,258,
1687829540867409,1687829540867673,264,
1687829558471810,1687829558472059,249,
1687829576524376,1687829576524638,261,
1687829594469041,1687829594469347,305,
1687829612329804,1687829612330087,282,
1687829630025089,1687829630025359,270,
1687829648244870,1687829648245245,374,
1687829666365272,1687829666365537,264,
1687829684525359,1687829684525668,309,
1687829702366368,1687829702366639,271,
1687829720185677,1687829720185994,317,
1687829737879324,1687829737879581,256,
1687829755529391,1687829755529751,359,
1687829773746997,1687829773747257,260,
1687829791936033,1687829791936289,255,
1687829809849131,1687829809849396,264,
1687829828024843,1687829828025101,258,
1687829846210724,1687829846211017,292,
1687829864369732,1687829864369991,258,
1687829881961736,1687829881961980,244,
1687829899827759,1687829899828018,259,
1687829917230020,1687829917230281,260,
1687829934975528,1687829934975688,160,
1687829952766665,1687829952766922,257,
1687829971188170,1687829971188634,463,
1687829988865642,1687829988865899,257,
1687830006860420,1687830006860679,259,
1687830024527361,1687830024527621,260,
1687830042303314,1687830042303588,274,
1687830059977558,1687830059977837,279,
1687830077953876,1687830077954126,249,
1687830095734368,1687830095734642,273,
1687830113522883,1687830113523221,338,
1687830131275924,1687830131276186,262,
1687830148968246,1687830148968494,247,
1687830166709035,1687830166709302,267,
1687830184864035,1687830184864316,280,
1687830202900442,1687830202900700,257,
1687830220511980,1687830220512238,257,
1687830238269714,1687830238269998,283,
1687830256273626,1687830256273946,319,
1687830274361875,1687830274362131,256,
1687830292362074,1687830292362337,263,
1687830310608126,1687830310608396,269,
1687830328325999,1687830328326274,274,
1687830346318046,1687830346318303,256,
1687830364015624,1687830364015886,261,
1687830382016917,1687830382017175,258,
1687830399946206,1687830399946470,264,
1687830417335754,1687830417336016,261,
1687830435474301,1687830435474562,260,
1687830453275634,1687830453275892,258,
1687830471220408,1687830471220668,259,
1687830488864775,1687830488865090,314,
1687830506776922,1687830506777186,264,
1687830524977737,1687830524977996,259,
1687830542731887,1687830542732191,304,
1687830560898318,1687830560898574,256,
1687830578516671,1687830578516956,284,
1687830596327401,1687830596327680,278,
1687830614113251,1687830614113509,257,
1687830632000178,1687830632000436,258,
1687830649725311,1687830649725612,301,
1687830667874631,1687830667874899,267,
1687830685318649,1687830685318906,256,
1687830703512737,1687830703512994,256,
1687830720928401,1687830720928659,257,
1687830739112745,1687830739113004,259,
1687830756904983,1687830756905347,363,
1687830774734712,1687830774734987,274,
1687830792652846,1687830792653105,259,
1687830809802406,1687830809802666,259,
1687830827937633,1687830827937878,245,
1687830845713889,1687830845714172,282,
1687830863497855,1687830863498114,259,
1687830881333340,1687830881333639,299,
1687830899363857,1687830899364139,281,
1687830917448080,1687830917448333,252,
1687830935468163,1687830935468470,307,
1687830953622583,1687830953622842,259,
1687830971840070,1687830971840334,263,
1687830990007288,1687830990007540,251,
1687831008202318,1687831008202590,272,
1687831026250602,1687831026250899,297,
1687831044205071,1687831044205332,260,
1687831062012387,1687831062012714,327,
1687831079741693,1687831079741953,259,
1687831097330449,1687831097330744,295,
1687831115280928,1687831115281204,276,
1687831133519973,1687831133520236,263,
1687831151357005,1687831151357265,260,
1687831169321794,1687831169322072,277,
1687831187261524,1687831187261798,273,
1687831204973870,1687831204974240,370,
1687831222930713,1687831222930987,273,
1687831240693307,1687831240693561,254,
1687831258943704,1687831258943969,264,
1687831276900959,1687831276901252,293,
1687831294783284,1687831294783553,268,
1687831312861954,1687831312862249,295,
1687831330990595,1687831330990841,246,
1687831349215327,1687831349215603,276,
1687831367366178,1687831367366458,279,
1687831384742699,1687831384742988,288,
1687831402274657,1687831402274917,260,
1687831420348998,1687831420349258,259,
1687831438615284,1687831438615549,265,
1687831456393464,1687831456393711,246,
1687831474366435,1687831474366690,255,
1687831492624660,1687831492624917,257,
1687831510515626,1687831510515884,258,
1687831528433938,1687831528434214,275,
1687831546554811,1687831546555139,327,
1687831564209748,1687831564210037,288,
1687831582033878,1687831582034246,367,
1687831599346740,1687831599347016,275,
1687831616962135,1687831616962379,244,
1687831634673228,1687831634673608,380,
1687831652363663,1687831652363923,259,
1687831669706938,1687831669707214,275,
1687831687364881,1687831687365141,259,
1687831705010020,1687831705010295,275,
1687831722767094,1687831722767352,257,
1687831739865071,1687831739865372,300,
1687831757636689,1687831757637039,350,
1687831775323596,1687831775323857,260,
1687831793050702,1687831793050963,261,
1687831810035360,1687831810035637,276,
1687831827740283,1687831827740544,261,
1687831845420386,1687831845420642,256,
1687831863019837,1687831863020114,276,
1687831881188984,1687831881189242,257,
1687831898819573,1687831898819848,275,
1687831916466363,1687831916466718,355,
1687831933801874,1687831933802135,260,
1687831951428204,1687831951428457,252,
1687831968971868,1687831968972132,264,
1687831986311395,1687831986311655,259,
1687832004189464,1687832004189721,256,
1687832021888454,1687832021888732,277,
1687832039513089,1687832039513345,255,
1687832057349920,1687832057350184,264,
1687832075276432,1687832075276691,259,
1687832093062756,1687832093063025,268,
1687832110354809,1687832110355081,271,
1687832128002505,1687832128002759,254,
1687832145807006,1687832145807267,260,
1687832163407829,1687832163408189,360,
1687832181314809,1687832181315077,267,
1687832198395683,1687832198395941,257,
1687832215823942,1687832215824197,255,
1687832233489321,1687832233489673,352,
1687832251263558,1687832251263819,261,
1687832268924171,1687832268924427,256,
1687832286748965,1687832286749226,260,
1687832304421242,1687832304421510,267,
1687832322274998,1687832322275392,393,
1687832340242296,1687832340242468,171,
1687832357898393,1687832357898658,264,
1687832375471839,1687832375472092,253,
1687832393147793,1687832393148052,259,
1687832410388240,1687832410388497,257,
1687832428016601,1687832428016871,269,
1687832445734816,1687832445735086,270,
1687832463418653,1687832463418928,274,
1687832481193486,1687832481193761,275,
1687832498898161,1687832498898420,258,
1687832516249079,1687832516249394,315,
1687832533922620,1687832533922881,260,
1687832551463605,1687832551463865,259,
1687832569158034,1687832569158289,254,
1687832587208136,1687832587208392,255,
1687832604856607,1687832604856868,261,
1687832622461326,1687832622461572,246,
1687832640163826,1687832640164099,272,
1687832657929144,1687832657929419,275,
1687832674932776,1687832674933025,248,
1687832692277546,1687832692277895,348,
1687832709934305,1687832709934571,265,
1687832727609630,1687832727609961,330,
1687832745018815,1687832745019082,266,
1687832762762350,1687832762762612,261,
1687832780513374,1687832780513661,286,
1687832798277961,1687832798278219,257,
1687832815938851,1687832815939140,289,
1687832833469502,1687832833469804,301,
1687832851174177,1687832851174439,262,
1687832868853396,1687832868853643,246,
1687832886196980,1687832886197260,280,
1687832903853747,1687832903854060,312,
1687832921196898,1687832921197158,259,
1687832939061735,1687832939062011,276,
1687832956800826,1687832956801086,259,
1687832974436445,1687832974436705,260,
1687832992060881,1687832992061148,266,
1687833009170594,1687833009170855,261,
1687833026856900,1687833026857166,265,
1687833044499165,1687833044499424,259,
1687833062228264,1687833062228575,311,
1687833080002606,1687833080002869,262,
1687833097261609,1687833097261866,256,
1687833114959580,1687833114959842,261,
1687833132674829,1687833132675177,348,
1687833150420065,1687833150420321,256,
1687833168053010,1687833168053270,260,
1687833185812992,1687833185813258,265,
1687833203448644,1687833203448905,261,
1687833220860778,1687833220861032,253,
1687833238506176,1687833238506439,263,
1687833256524182,1687833256524437,255,
1687833274254912,1687833274255204,292,
1687833291885882,1687833291886140,258,
1687833309465469,1687833309465714,244,
1687833327169534,1687833327169790,256,
1687833344889089,1687833344889348,258,
1687833362228583,1687833362228858,275,
1687833379920425,1687833379920733,307,
1687833397512502,1687833397512843,340,
1687833415421735,1687833415421992,257,
1687833433012467,1687833433012744,277,
1687833450850458,1687833450850718,260,
1687833468504584,1687833468504846,261,
1687833486194987,1687833486195272,284,
1687833503908201,1687833503908476,275,
1687833521505486,1687833521505741,255,
1687833539255218,1687833539255474,255,
1687833556893823,1687833556894079,256,
1687833574545298,1687833574545571,273,
1687833592312945,1687833592313207,261,
1687833609413027,1687833609413309,282,
1687833626999833,1687833627000101,268,
1687833644747963,1687833644748220,257,
1687833662449271,1687833662449519,248,
1687833680155545,1687833680155834,288,
1687833697861410,1687833697861668,257,
1687833715500215,1687833715500476,260,
1687833733185150,1687833733185410,259,
1687833750876476,1687833750876729,253,
1687833768883142,1687833768883412,269,
1687833786461154,1687833786461431,276,
1687833804098040,1687833804098325,285,
1687833821842205,1687833821842463,258,
1687833839465595,1687833839465849,254,
1687833857204794,1687833857205111,316,
1687833874876950,1687833874877208,258,
1687833892248635,1687833892248961,325,
1687833909885892,1687833909886141,249,
1687833927762047,1687833927762306,258,
1687833945412849,1687833945413106,257,
1687833963007175,1687833963007474,299,
1687833980720552,1687833980720813,261,
1687833998382890,1687833998383159,268,
1687834016011699,1687834016011979,280,
1687834033755771,1687834033756055,284,
1687834051401238,1687834051401390,152,
1687834069167687,1687834069167946,258,
1687834086913793,1687834086914120,327,
1687834104560644,1687834104560925,281,
1687834122260102,1687834122260442,340,
1687834139918705,1687834139918960,254,
1687834157596160,1687834157596418,258,
1687834174912657,1687834174912937,279,
1687834192531849,1687834192532151,302,
1687834210283844,1687834210284104,260,
1687834227915432,1687834227915687,255,
1687834245553529,1687834245553789,260,
1687834263324262,1687834263324521,259,
1687834281038506,1687834281038767,260,
1687834298765583,1687834298765843,259,
1687834316437547,1687834316437805,258,
1687834334037690,1687834334037947,256,
1687834351736193,1687834351736453,259,
1687834369407575,1687834369407835,259,
1687834387167456,1687834387167722,266,
1687834404849422,1687834404849680,257,
1687834422494278,1687834422494540,262,
1687834440180675,1687834440180934,258,
1687834457870416,1687834457870671,255,
1687834475490181,1687834475490440,258,
1687834493224889,1687834493225145,256,
1687834510950556,1687834510950806,249,
1687834528652023,1687834528652283,259,
1687834546330165,1687834546330444,279,
1687834563742193,1687834563742450,257,
1687834581375130,1687834581375389,259,
1687834599033473,1687834599033735,261,
1687834616789381,1687834616789665,284,
1687834634199443,1687834634199699,255,
1687834652080057,1687834652080238,180,
1687834669799015,1687834669799304,288,
1687834687511434,1687834687511692,257,
1687834705228625,1687834705228881,255,
1687834722907945,1687834722908246,300,
1687834740554626,1687834740554885,259,
1687834758320400,1687834758320696,296,
1687834775993298,1687834775993585,286,
1687834793305726,1687834793305977,251,
1687834810664389,1687834810664646,257,
1687834827928146,1687834827928431,284,
1687834845642322,1687834845642600,277,
1687834863139180,1687834863139436,255,
1687834880795962,1687834880796240,277,
1687834898217825,1687834898218087,261,
1687834915935049,1687834915935297,247,
1687834932987739,1687834932988054,315,
1687834950702541,1687834950702793,252,
1687834968367054,1687834968367316,262,
1687834986014719,1687834986015034,314,
1687835003786053,1687835003786313,259,
1687835021430332,1687835021430591,259,
1687835039076330,1687835039076508,177,
1687835057066305,1687835057066562,256,
1687835074862156,1687835074862413,257,
1687835092671139,1687835092671430,291,
1687835110484780,1687835110485047,266,
1687835128166039,1687835128166300,260,
1687835145869966,1687835145870228,261,
1687835163227570,1687835163227836,266,
1687835180592561,1687835180592839,278,
1687835198291684,1687835198291946,262,
1687835214903028,1687835214903337,309,
1687835232484327,1687835232484688,360,
1687835250171078,1687835250171435,356,
1687835267860209,1687835267860466,257,
1687835285429410,1687835285429657,247,
1687835303072663,1687835303072921,257,
1687835320788202,1687835320788448,245,
1687835338431146,1687835338431402,255,
1687835356143679,1687835356143956,277,
1687835372809343,1687835372809606,263,
1687835390712470,1687835390712732,262,
1687835408388855,1687835408389162,306,
1687835426081978,1687835426082302,323,
1687835443785028,1687835443785290,261,
1687835461150406,1687835461150686,280,
1687835478825272,1687835478825531,259,
1687835496492892,1687835496493166,273,
1687835514200548,1687835514200807,258,
1687835531868556,1687835531868833,276,
1687835549197822,1687835549198171,349,
1687835566591939,1687835566592224,284,
1687835584469980,1687835584470268,287,
1687835602280415,1687835602280673,257,
1687835619897974,1687835619898237,262,
1687835637645197,1687835637645463,265,
1687835655349462,1687835655349712,249,
1687835672970264,1687835672970520,256,
1687835690704841,1687835690705116,274,
1687835708356077,1687835708356341,264,
1687835726056139,1687835726056400,261,
1687835743817683,1687835743817945,261,
1687835761183827,1687835761184077,250,
1687835779031895,1687835779032157,261,
1687835796768442,1687835796768708,265,
1687835813871390,1687835813871648,258,
1687835830935394,1687835830935655,261,
1687835848659660,1687835848659962,301,
1687835866318107,1687835866318424,316,
1687835883984496,1687835883984755,258,
1687835901321740,1687835901322024,283,
1687835918995224,1687835918995483,258,
1687835936737443,1687835936737778,335,
1687835954459259,1687835954459522,262,
1687835972187856,1687835972188154,298,
1687835989852219,1687835989852508,288,
1687836007545676,1687836007545940,263,
1687836025388665,1687836025388925,260,
1687836043000724,1687836043001200,475,
1687836060802658,1687836060802945,286,
1687836078436957,1687836078437216,259,
1687836096221152,1687836096221410,258,
1687836113895203,1687836113895458,255,
1687836131811703,1687836131811960,256,
1687836149472707,1687836149472965,258,
1687836167221270,1687836167221550,280,
1687836184939616,1687836184939873,257,
1687836202571654,1687836202571917,263,
1687836220284209,1687836220284469,259,
1687836237654140,1687836237654423,283,
1687836255326519,1687836255326789,269,
1687836273017709,1687836273017964,254,
1687836290804149,1687836290804427,278,
1687836308481946,1687836308482229,282,
1687836326207592,1687836326207869,276,
1687836343890905,1687836343891170,265,
1687836361523031,1687836361523392,360,
1687836379307904,1687836379308233,329,
1687836396973684,1687836396973942,258,
1687836414771604,1687836414771864,260,
1687836432422659,1687836432422906,247,
1687836449765793,1687836449766053,260,
1687836467416974,1687836467417245,270,
1687836485072060,1687836485072410,350,
1687836502931713,1687836502932007,294,
1687836520636423,1687836520636691,268,
1687836538548768,1687836538549029,261,
1687836556234353,1687836556234514,161,
1687836573574605,1687836573574865,259,
1687836591279701,1687836591279957,256,
1687836608924846,1687836608925125,278,
1687836626023114,1687836626023369,254,
1687836643761806,1687836643762147,341,
1687836661426368,1687836661426737,368,
1687836678766894,1687836678767171,276,
1687836696463943,1687836696464116,172,
1687836714320373,1687836714320632,259,
1687836731981542,1687836731981806,263,
1687836749806080,1687836749806327,246,
1687836767428859,1687836767429120,260,
1687836785128959,1687836785129219,260,
1687836803080539,1687836803080822,283,
1687836820978556,1687836820978813,257,
1687836838750999,1687836838751355,355,
1687836855925786,1687836855926047,261,
1687836873641069,1687836873641326,256,
1687836891341905,1687836891342193,287,
1687836909020818,1687836909021074,255,
1687836926812080,1687836926812343,263,
1687836944473318,1687836944473575,256,
1687836962251015,1687836962251277,262,
1687836979917556,1687836979917816,259,
1687836996967258,1687836996967517,258,
1687837014690389,1687837014690651,261,
1687837032337158,1687837032337504,346,
1687837050247811,1687837050247980,168,
1687837067914839,1687837067915097,257,
1687837085638007,1687837085638264,257,
1687837103371488,1687837103371745,256,
1687837121241189,1687837121241446,257,
1687837139077373,1687837139077655,282,
1687837156825296,1687837156825577,281,
1687837173878836,1687837173879109,272,
1687837191472278,1687837191472554,276,
1687837209207806,1687837209208070,264,
1687837226561034,1687837226561319,284,
1687837244416992,1687837244417251,259,
1687837261766347,1687837261766599,251,
1687837279459068,1687837279459412,344,
1687837297165867,1687837297166124,257,
1687837315164201,1687837315164462,260,
1687837332408504,1687837332408788,284,
1687837350193934,1687837350194207,273,
1687837367879752,1687837367880009,257,
1687837384925269,1687837384925577,307,
1687837402264174,1687837402264443,268,
1687837419953074,1687837419953356,281,
1687837437671995,1687837437672268,273,
1687837455639820,1687837455640081,261,
1687837473314289,1687837473314608,319,
1687837490988819,1687837490989080,260,
1687837508659623,1687837508659913,289,
1687837526332874,1687837526333132,258,
1687837543967181,1687837543967453,271,
1687837561679939,1687837561680287,348,
1687837579354136,1687837579354396,259,
1687837596995379,1687837596995637,257,
1687837614683108,1687837614683367,258,
1687837632364818,1687837632365105,286,
1687837650058333,1687837650058634,300,
1687837667765602,1687837667765850,248,
1687837685406092,1687837685406370,278,
1687837703097426,1687837703097692,265,
1687837720802684,1687837720802944,259,
1687837738459841,1687837738460101,260,
1687837756245957,1687837756246215,257,
1687837773905230,1687837773905491,261,
1687837791557353,1687837791557612,258,
1687837808683901,1687837808684187,285,
1687837826123762,1687837826123943,181,
1687837843794488,1687837843794733,244,
1687837861448736,1687837861448994,258,
1687837879139608,1687837879139863,254,
1687837896882394,1687837896882649,254,
1687837914555193,1687837914555457,263,
1687837932255955,1687837932256208,252,
1687837949933738,1687837949934005,266,
1687837967719246,1687837967719502,255,
1687837985683507,1687837985683767,260,
1687838002967297,1687838002967557,259,
1687838020292835,1687838020293096,260,
1687838037958024,1687838037958316,291,
1687838055655083,1687838055655393,309,
1687838073341452,1687838073341766,314,
1687838090970245,1687838090970503,258,
1687838108726912,1687838108727270,358,
1687838126435091,1687838126435344,253,
1687838144183428,1687838144183788,359,
1687838161838117,1687838161838377,260,
1687838179780516,1687838179780773,257,
1687838197492652,1687838197492906,254,
1687838215231735,1687838215232032,297,
1687838232524076,1687838232524337,260,
1687838250273469,1687838250273729,259,
1687838267959165,1687838267959423,258,
1687838285291547,1687838285291848,300,
1687838302964845,1687838302965106,260,
1687838320801083,1687838320801341,258,
1687838338807190,1687838338807469,278,
1687838356194619,1687838356194892,273,
1687838373879351,1687838373879606,255,
1687838391424214,1687838391424559,344,
1687838409199846,1687838409200132,285,
1687838427214504,1687838427214783,278,
1687838444887558,1687838444887846,288,
1687838462676155,1687838462676420,264,
1687838480374177,1687838480374436,259,
1687838498014958,1687838498015227,269,
1687838515269832,1687838515270094,261,
1687838532928535,1687838532928792,257,
1687838550269738,1687838550269999,261,
1687838567915537,1687838567915819,282,
1687838585683733,1687838585683995,262,
1687838603386083,1687838603386340,256,
1687838621087918,1687838621088175,257,
1687838638803782,1687838638804043,260,
1687838656474469,1687838656474735,266,
1687838674231766,1687838674232025,258,
1687838691893600,1687838691893849,248,
1687838709639637,1687838709639898,261,
1687838727306841,1687838727307105,264,
1687838744916499,1687838744916749,250,
1687838762576599,1687838762576861,262,
1687838780271609,1687838780271959,349,
1687838797919873,1687838797920131,258,
1687838815264735,1687838815264993,258,
1687838832931551,1687838832931834,282,
1687838850758920,1687838850759184,263,
1687838868471773,1687838868472041,268,
1687838885806581,1687838885806875,293,
1687838903473542,1687838903473808,265,
1687838921301885,1687838921302198,313,
1687838938931321,1687838938931641,319,
1687838956282736,1687838956283019,282,
1687838973929379,1687838973929647,268,
1687838991644728,1687838991644988,260,
1687839009322893,1687839009323163,269,
1687839026931389,1687839026931637,248,
1687839044508424,1687839044509343,919,
1687839062532981,1687839062533241,260,
1687839080447281,1687839080447536,254,
1687839097238214,1687839097238493,279,
1687839114967679,1687839114967935,256,
1687839132649053,1687839132649316,262,
1687839150363155,1687839150363412,256,
1687839167508272,1687839167508535,263,
1687839185279722,1687839185279982,260,
1687839202933383,1687839202933646,263,
1687839220661744,1687839220662001,256,
1687839238352570,1687839238352847,277,
1687839256016239,1687839256016607,368,
1687839273789223,1687839273789481,258,
1687839291156131,1687839291156462,330,
1687839308884937,1687839308885193,256,
1687839326233771,1687839326234104,332,
1687839343917719,1687839343918022,302,
1687839361579860,1687839361580117,256,
1687839379493687,1687839379494033,346,
1687839397246024,1687839397246284,259,
1687839414915343,1687839414915601,257,
1687839432773656,1687839432773930,273,
1687839450427345,1687839450427606,261,
1687839467762520,1687839467762779,258,
1687839485422362,1687839485422823,460,
1687839503142701,1687839503142958,256,
1687839520412647,1687839520412908,261,
1687839538117328,1687839538117596,268,
1687839555820443,1687839555820721,278,
1687839573472630,1687839573472888,258,
1687839591164880,1687839591165147,267,
1687839608891450,1687839608891728,277,
1687839626566364,1687839626566620,255,
1687839644277661,1687839644277921,259,
1687839661353534,1687839661353818,284,
1687839679088580,1687839679088859,279,
1687839696818871,1687839696819139,268,
1687839714514533,1687839714514792,259,
1687839731305917,1687839731306180,263,
1687839748670330,1687839748670639,308,
1687839766391312,1687839766391586,274,
1687839784050321,1687839784050579,257,
1687839801808798,1687839801809057,259,
1687839819510505,1687839819510765,259,
1687839837285538,1687839837285785,247,
1687839854930140,1687839854930398,258,
1687839872641510,1687839872641841,330,
1687839890428981,1687839890429241,260,
1687839908151990,1687839908152255,265,
1687839925929809,1687839925930073,263,
1687839943680687,1687839943680952,265,
1687839961161622,1687839961161879,257,
1687839978845775,1687839978846021,246,
1687839996513737,1687839996513994,257,
1687840014302327,1687840014302584,256,
1687840031928301,1687840031928556,254,
1687840049643646,1687840049643908,261,
1687840067465923,1687840067466227,304,
1687840084796843,1687840084797106,262,
1687840102464791,1687840102465069,278,
1687840120213479,1687840120213644,164,
1687840137932273,1687840137932583,309,
1687840155657996,1687840155658283,286,
1687840173349537,1687840173349794,256,
1687840190081461,1687840190081748,287,
1687840207811212,1687840207811461,249,
1687840225475396,1687840225475671,275,
1687840243209331,1687840243209589,257,
1687840260893095,1687840260893402,306,
1687840278523393,1687840278523692,298,
1687840296292693,1687840296292970,276,
1687840313917657,1687840313917904,246,
1687840331629657,1687840331629925,267,
1687840349367459,1687840349367719,259,
1687840367028082,1687840367028393,311,
1687840384779974,1687840384780223,249,
1687840402463835,1687840402464093,258,
1687840420204589,1687840420204846,257,
1687840438090826,1687840438091100,274,
1687840455822668,1687840455822946,277,
1687840473517229,1687840473517496,266,
1687840491259530,1687840491259807,276,
1687840508931761,1687840508932037,275,
1687840526683162,1687840526683426,263,
1687840544354490,1687840544354755,264,
1687840561997989,1687840561998249,259,
1687840579315159,1687840579315469,310,
1687840597006013,1687840597006309,295,
1687840614713623,1687840614713881,258,
1687840632430292,1687840632430548,255,
1687840650083976,1687840650084240,264,
1687840667820267,1687840667820577,310,
1687840685529575,1687840685529895,320,
1687840703296953,1687840703297202,249,
1687840720932360,1687840720932621,260,
1687840738595265,1687840738595523,257,
1687840756283567,1687840756283826,258,
1687840773390501,1687840773390762,261,
1687840790977261,1687840790977520,259,
1687840808681307,1687840808681565,257,
1687840826379699,1687840826379956,257,
1687840844031535,1687840844031797,261,
1687840861285770,1687840861286103,332,
1687840878953610,1687840878953858,247,
1687840896113579,1687840896113933,354,
1687840913824341,1687840913824625,284,
1687840931503664,1687840931503934,270,
1687840948782669,1687840948782917,248,
1687840966493102,1687840966493364,261,
1687840984356996,1687840984357295,299,
1687841002080004,1687841002080260,256,
1687841019817007,1687841019817259,252,
1687841037166297,1687841037166585,287,
1687841055070252,1687841055070508,255,
1687841072794228,1687841072794395,167,
1687841090443644,1687841090443907,263,
1687841108295424,1687841108295733,308,
1687841125970646,1687841125970905,259,
1687841143698830,1687841143699095,264,
1687841161427405,1687841161427741,336,
1687841179223760,1687841179224057,297,
1687841196933774,1687841196934024,250,
1687841214687490,1687841214687747,256,
1687841232375844,1687841232376120,276,
1687841250087206,1687841250087471,265,
1687841267988090,1687841267988350,260,
1687841285719513,1687841285719791,278,
1687841303429785,1687841303430032,247,
1687841321149320,1687841321149628,307,
1687841338419417,1687841338419679,261,
1687841356096242,1687841356096549,307,
1687841373827599,1687841373827857,257,
1687841391492620,1687841391492887,266,
1687841409216931,1687841409217248,316,
1687841427025087,1687841427025343,255,
1687841444778344,1687841444778602,258,
1687841462456629,1687841462456927,298,
1687841479794858,1687841479795275,416,
1687841496915745,1687841496916004,258,
1687841514737754,1687841514738012,258,
1687841532403876,1687841532404137,260,
1687841550032657,1687841550032913,256,
1687841567791778,1687841567792038,260,
1687841585757885,1687841585758155,270,
1687841603406116,1687841603406399,282,
1687841621152648,1687841621153109,460,
1687841639162029,1687841639162286,257,
1687841656906705,1687841656906965,259,
1687841674790321,1687841674790506,185,
1687841692562090,1687841692562353,262,
1687841710280460,1687841710280728,268,
1687841728148422,1687841728148682,260,
1687841745855640,1687841745855941,300,
1687841763584662,1687841763584919,257,
1687841781280990,1687841781281247,257,
1687841798929153,1687841798929402,249,
1687841816266106,1687841816266366,259,
1687841833931330,1687841833931588,258,
1687841851276835,1687841851277112,276,
1687841869001778,1687841869002034,256,
1687841886250853,1687841886251160,306,
1687841904145594,1687841904145853,259,
1687841921288367,1687841921288616,248,
1687841938975407,1687841938975738,331,
1687841956715284,1687841956715541,256,
1687841974414164,1687841974414412,248,
1687841991755448,1687841991755708,260,
1687842009435192,1687842009435452,259,
1687842027081885,1687842027082068,183,
1687842044815320,1687842044815571,250,
1687842062481960,1687842062482220,259,
1687842080251738,1687842080251999,261,
1687842097923376,1687842097923749,373,
1687842115642860,1687842115643155,295,
1687842133430405,1687842133430656,251,
1687842151192665,1687842151192923,257,
1687842168893820,1687842168894091,271,
1687842186594902,1687842186595200,297,
1687842204327284,1687842204327547,262,
1687842221404900,1687842221405153,252,
1687842238756168,1687842238756466,298,
1687842256405771,1687842256406026,255,
1687842274303076,1687842274303358,281,
1687842292080506,1687842292080764,257,
1687842309844149,1687842309844409,259,
1687842327458067,1687842327458347,280,
1687842344806740,1687842344807015,274,
1687842362209984,1687842362210241,256,
1687842379894676,1687842379894937,261,
1687842397257069,1687842397257328,258,
1687842415080060,1687842415080390,330,
1687842432780291,1687842432780549,257,
1687842450433783,1687842450434042,259,
1687842468154634,1687842468154898,263,
1687842486188316,1687842486188490,174,
1687842503879284,1687842503879632,348,
1687842521514852,1687842521515069,217,
1687842538802700,1687842538802944,243,
1687842556486775,1687842556487051,276,
1687842573804304,1687842573804616,312,
1687842590884928,1687842590885179,251,
1687842608527352,1687842608527627,275,
1687842626308973,1687842626309237,263,
1687842643959060,1687842643959324,264,
1687842661676955,1687842661677229,273,
1687842679603416,1687842679603689,272,
1687842697543990,1687842697544253,262,
1687842715284433,1687842715284691,257,
1687842733089747,1687842733090070,322,
1687842750814954,1687842750815223,269,
1687842768481244,1687842768481549,304,
1687842786253682,1687842786253959,276,
1687842803640069,1687842803640330,261,
1687842821528826,1687842821529087,260,
1687842839273184,1687842839273450,266,
1687842856956782,1687842856957055,272,
1687842874280719,1687842874280994,274,
1687842892034758,1687842892035032,274,
1687842909809900,1687842909810156,256,
1687842927183417,1687842927183738,320,
1687842944879503,1687842944879823,320,
1687842962651385,1687842962651674,288,
1687842980354236,1687842980354579,342,
1687842998031639,1687842998031895,255,
1687843015790424,1687843015790678,254,
1687843033214497,1687843033214757,260,
1687843050590745,1687843050591022,277,
1687843068316049,1687843068316307,258,
1687843086254215,1687843086254495,280,
1687843103925568,1687843103925870,302,
1687843121804421,1687843121804680,258,
1687843139464641,1687843139464899,258,
1687843156963305,1687843156963575,270,
1687843174704748,1687843174705018,269,
1687843192444037,1687843192444297,260,
1687843210173377,1687843210173667,290,
1687843228067008,1687843228067266,258,
1687843245774860,1687843245775223,363,
1687843263567037,1687843263567295,258,
1687843281282945,1687843281283214,268,
1687843298968067,1687843298968323,256,
1687843317073312,1687843317073589,277,
1687843334786536,1687843334786809,272,
1687843352475588,1687843352475852,263,
1687843370206613,1687843370206886,273,
1687843387903311,1687843387903611,300,
1687843405571588,1687843405571876,288,
1687843423361538,1687843423361783,245,
1687843440475512,1687843440475776,263,
1687843458264958,1687843458265226,267,
1687843475934040,1687843475934298,258,
1687843493846385,1687843493846666,281,
1687843511523543,1687843511523849,306,
1687843529279054,1687843529279328,274,
1687843546968054,1687843546968317,262,
1687843564674142,1687843564674400,258,
1687843582352366,1687843582352690,323,
1687843600030898,1687843600031166,267,
1687843617787242,1687843617787501,259,
1687843635467040,1687843635467316,275,
1687843652808160,1687843652808445,285,
1687843670519334,1687843670519591,256,
1687843688286304,1687843688286674,369,
1687843705968222,1687843705968482,260,
1687843723719270,1687843723719527,257,
1687843741417741,1687843741418001,260,
1687843759128513,1687843759128769,256,
1687843777151268,1687843777151531,262,
1687843794423437,1687843794423736,299,
1687843812207490,1687843812207820,329,
1687843830138762,1687843830139039,277,
1687843847881652,1687843847881902,249,
1687843865626410,1687843865626672,262,
1687843883487043,1687843883487303,259,
1687843901159514,1687843901159760,246,
1687843918849034,1687843918849294,259,
1687843936215460,1687843936215807,347,
1687843953900805,1687843953901066,260,
1687843971672590,1687843971672854,264,
1687843989379155,1687843989379408,253,
1687844007001072,1687844007001355,282,
1687844024699268,1687844024699530,261,
1687844042394097,1687844042394347,249,
1687844060239633,1687844060239894,260,
1687844077917835,1687844077918093,257,
1687844095637313,1687844095637569,256,
1687844113322017,1687844113322279,261,
1687844131165240,1687844131165489,248,
1687844148856477,1687844148856734,257,
1687844166944076,1687844166944333,257,
1687844183969397,1687844183969655,257,
1687844201693421,1687844201693685,263,
1687844218820070,1687844218820338,267,
1687844236514227,1687844236514499,272,
1687844254291297,1687844254291576,278,
1687844271967434,1687844271967696,261,
1687844289704681,1687844289704937,255,
1687844307386323,1687844307386596,273,
1687844325075391,1687844325075677,285,
1687844342814017,1687844342814277,260,
1687844360519788,1687844360520099,311,
1687844378273389,1687844378273649,260,
1687844395934308,1687844395934631,323,
1687844413712415,1687844413712674,259,
1687844430824449,1687844430824705,256,
1687844448507696,1687844448507987,290,
1687844466213707,1687844466213983,276,
1687844483887288,1687844483887548,260,
1687844501613294,1687844501613554,260,
1687844519706997,1687844519707261,264,
1687844537378567,1687844537378816,249,
1687844555234109,1687844555234373,263,
1687844572919236,1687844572919503,266,
1687844590639313,1687844590639592,279,
1687844608442909,1687844608443202,293,
1687844625776094,1687844625776365,270,
1687844643137845,1687844643138123,277,
1687844660874007,1687844660874265,257,
1687844678522927,1687844678523236,308,
1687844695773555,1687844695773830,275,
1687844713461511,1687844713461797,286,
1687844731250775,1687844731251047,271,
1687844749160266,1687844749160565,299,
1687844766886515,1687844766886794,278,
1687844784639740,1687844784639997,257,
1687844802347436,1687844802347685,249,
1687844820202592,1687844820202873,280,
1687844837907973,1687844837908234,261,
1687844855572692,1687844855572976,284,
1687844873304404,1687844873304648,244,
1687844891013948,1687844891014207,259,
1687844908744456,1687844908744631,175,
1687844926483019,1687844926483277,257,
1687844944150216,1687844944150479,262,
1687844961843415,1687844961843678,262,
1687844979512233,1687844979512493,259,
1687844997238072,1687844997238353,280,
1687845014920175,1687845014920430,254,
1687845032637603,1687845032637953,349,
1687845050393054,1687845050393388,334,
1687845068151162,1687845068151425,263,
1687845085846273,1687845085846527,254,
1687845103470129,1687845103470388,259,
1687845121200931,1687845121201224,292,
1687845138916097,1687845138916419,321,
1687845156704386,1687845156704644,258,
1687845174354108,1687845174354365,257,
1687845192011877,1687845192012133,256,
1687845209766316,1687845209766623,306,
1687845227428648,1687845227428973,325,
1687845244805780,1687845244806041,260,
1687845262178302,1687845262178576,274,
1687845280203641,1687845280203996,355,
1687845297903848,1687845297904096,247,
1687845315758093,1687845315758396,303,
1687845333598137,1687845333598395,258,
1687845351311361,1687845351311639,278,
1687845369058736,1687845369059028,292,
1687845386814245,1687845386814512,266,
1687845404509752,1687845404510045,293,
1687845422300357,1687845422300616,259,
1687845439963561,1687845439963822,261,
1687845457299822,1687845457300078,255,
1687845475125244,1687845475125499,254,
1687845492945761,1687845492946106,345,
1687845510696117,1687845510696394,276,
1687845528555225,1687845528555485,259,
1687845546325417,1687845546325678,261,
1687845564014093,1687845564014369,276,
1687845581786730,1687845581787011,280,
1687845599510075,1687845599510335,260,
1687845617236012,1687845617236277,264,
1687845634995187,1687845634995444,256,
1687845652735455,1687845652735712,257,
1687845670447107,1687845670447366,258,
1687845688161925,1687845688162188,262,
1687845705903052,1687845705903303,250,
1687845723627643,1687845723627929,286,
1687845741335885,1687845741336205,320,
1687845759062189,1687845759062509,320,
1687845776804771,1687845776805038,266,
1687845794513176,1687845794513437,260,
1687845811249615,1687845811249950,334,
1687845828963288,1687845828963548,260,
1687845846699540,1687845846699795,255,
1687845864408696,1687845864408960,264,
1687845881504127,1687845881504386,259,
1687845899215837,1687845899216098,260,
1687845916954641,1687845916954904,262,
1687845934728323,1687845934728580,256,
1687845952458616,1687845952458901,285,
1687845970264664,1687845970264923,259,
1687845987958644,1687845987958917,272,
1687846005668429,1687846005668684,255,
1687846023375306,1687846023375565,259,
1687846041012820,1687846041013083,263,
1687846058811525,1687846058811805,279,
1687846075571403,1687846075571686,282,
1687846093508455,1687846093508719,263,
1687846110923007,1687846110923270,262,
1687846128671102,1687846128671365,263,
1687846146431626,1687846146431923,297,
1687846164119437,1687846164119694,256,
1687846181833510,1687846181833769,258,
1687846199552945,1687846199553203,258,
1687846217265392,1687846217265650,258,
1687846235029123,1687846235029370,246,
1687846252789823,1687846252790102,279,
1687846270499455,1687846270499712,256,
1687846288232380,1687846288232684,304,
1687846306121704,1687846306122003,299,
1687846323842821,1687846323843118,297,
1687846341515457,1687846341515718,261,
1687846359292964,1687846359293248,283,
1687846377311237,1687846377311495,257,
1687846395012406,1687846395012664,257,
1687846412775508,1687846412775798,290,
1687846430465567,1687846430465832,264,
1687846448193488,1687846448193744,256,
1687846465893600,1687846465893953,352,
1687846483570028,1687846483570297,268,
1687846501333023,1687846501333303,280,
1687846519008818,1687846519009079,260,
1687846536804452,1687846536804727,275,
1687846554724446,1687846554724706,259,
1687846572408997,1687846572409256,258,
1687846590134750,1687846590135019,268,
1687846607863711,1687846607863967,256,
1687846625577579,1687846625577841,262,
1687846643329546,1687846643329910,363,
1687846660992742,1687846660993002,259,
1687846678773572,1687846678773838,266,
1687846696452549,1687846696452810,260,
1687846714239024,1687846714239282,257,
1687846731911280,1687846731911545,264,
1687846749645659,1687846749645916,256,
1687846767336869,1687846767337129,260,
1687846785009554,1687846785009831,276,
1687846802878940,1687846802879217,276,
1687846820242915,1687846820243190,274,
1687846837970731,1687846837970998,266,
1687846855727789,1687846855728045,255,
1687846873413865,1687846873414122,257,
1687846891164589,1687846891164851,261,
1687846909054581,1687846909054857,276,
1687846927139584,1687846927139916,331,
1687846944858181,1687846944858532,350,
1687846962509899,1687846962510157,258,
1687846979408679,1687846979408941,261,
1687846997064481,1687846997064801,319,
1687847014837691,1687847014837947,256,
1687847032562273,1687847032562549,276,
1687847050317687,1687847050317946,258,
1687847068004676,1687847068004933,257,
1687847086091574,1687847086091839,264,
1687847103830545,1687847103830825,280,
1687847121507656,1687847121507916,260,
1687847139278134,1687847139278454,320,
1687847157011331,1687847157011583,252,
1687847174775845,1687847174776100,255,
1687847192457380,1687847192457645,265,
1687847210190984,1687847210191245,261,
1687847227920238,1687847227920505,267,
1687847245281805,1687847245282081,276,
1687847262958840,1687847262959109,268,
1687847280732391,1687847280732650,258,
1687847298624078,1687847298624337,258,
1687847316355968,1687847316356216,247,
1687847333153043,1687847333153317,273,
1687847350875513,1687847350875772,259,
1687847368603413,1687847368603670,257,
1687847385855442,1687847385855724,282,
1687847403507397,1687847403507659,262,
1687847421261234,1687847421261520,286,
1687847439031163,1687847439031421,258,
1687847456779533,1687847456779789,255,
1687847474464497,1687847474464759,262,
1687847492214309,1687847492214669,360,
1687847509916735,1687847509916889,154,
1687847527643764,1687847527644019,255,
1687847545372279,1687847545372563,284,
1687847563351584,1687847563351874,290,
1687847580982371,1687847580982628,256,
1687847598755702,1687847598755958,255,
1687847616470241,1687847616470515,274,
1687847634144081,1687847634144343,262,
1687847652054767,1687847652055064,296,
1687847669795827,1687847669796077,250,
1687847687522433,1687847687522690,256,
1687847705256688,1687847705256946,257,
1687847723232715,1687847723232974,259,
1687847741017551,1687847741017812,260,
1687847759051516,1687847759051777,260,
1687847776733683,1687847776733991,308,
1687847794456250,1687847794456535,284,
1687847812197437,1687847812197708,271,
1687847829910574,1687847829910826,251,
1687847847631826,1687847847632101,275,
1687847865364461,1687847865364720,258,
1687847883031242,1687847883031500,257,
1687847900151805,1687847900152080,275,
1687847917878723,1687847917878996,272,
1687847935566656,1687847935566944,288,
1687847953664490,1687847953664766,276,
1687847971323472,1687847971323724,251,
1687847989021362,1687847989021617,254,
1687848006862351,1687848006862606,254,
1687848024564071,1687848024564329,257,
1687848042299055,1687848042299338,283,
1687848059398496,1687848059398741,244,
1687848077302206,1687848077302468,261,
1687848095133587,1687848095133857,269,
1687848112954491,1687848112954748,257,
1687848130695882,1687848130696192,310,
1687848147823311,1687848147823608,296,
1687848165688740,1687848165689008,267,
1687848183436741,1687848183437006,264,
1687848201159487,1687848201159723,236,
1687848218894740,1687848218895074,334,
1687848235946747,1687848235947011,264,
1687848253284274,1687848253284536,261,
1687848271002419,1687848271002681,262,
1687848288727732,1687848288727995,262,
1687848306707269,1687848306707530,260,
1687848324398709,1687848324398968,258,
1687848342131195,1687848342131481,286,
1687848359855392,1687848359855649,257,
1687848377574037,1687848377574297,260,
1687848395247338,1687848395247595,256,
1687848413056643,1687848413056928,285,
1687848430835540,1687848430835857,316,
1687848448500641,1687848448500903,262,
1687848466273467,1687848466273724,256,
1687848484049573,1687848484049832,259,
1687848501802266,1687848501802590,323,
1687848519179653,1687848519179997,344,
1687848536577964,1687848536578224,259,
1687848553967272,1687848553967584,312,
1687848571711646,1687848571711906,259,
1687848589443825,1687848589444090,265,
1687848607225562,1687848607225821,258,
1687848624939236,1687848624939496,260,
1687848642701114,1687848642701375,261,
1687848660390116,1687848660390400,283,
1687848678181519,1687848678181803,284,
1687848695915260,1687848695915518,257,
1687848713716509,1687848713716791,281,
1687848731496849,1687848731497109,260,
1687848749264940,1687848749265198,257,
1687848766949326,1687848766949588,262,
1687848784657461,1687848784657783,321,
1687848802374770,1687848802375062,292,
1687848820185345,1687848820185664,319,
1687848837548074,1687848837548331,257,
1687848855295373,1687848855295625,251,
1687848873356759,1687848873357055,295,
1687848891001249,1687848891001508,258,
1687848908795526,1687848908795788,262,
1687848926451139,1687848926451399,260,
1687848943469837,1687848943470109,271,
1687848961189456,1687848961189726,270,
1687848979038872,1687848979039172,299,
1687848996817164,1687848996817450,286,
1687849013944923,1687849013945180,256,
1687849031785982,1687849031786243,260,
1687849049487844,1687849049488102,258,
1687849067231009,1687849067231271,261,
1687849084939769,1687849084940029,260,
1687849102746538,1687849102746806,267,
1687849120447042,1687849120447297,255,
1687849138253009,1687849138253282,273,
1687849155946883,1687849155947158,275,
1687849173772479,1687849173772742,263,
1687849191552636,1687849191552896,259,
1687849209281715,1687849209281990,274,
1687849226986009,1687849226986270,260,
1687849244718646,1687849244718904,257,
1687849262438375,1687849262438634,258,
1687849280205280,1687849280205537,257,
1687849297893921,1687849297894180,259,
1687849315622335,1687849315622597,262,
1687849333402158,1687849333402442,283,
1687849351003308,1687849351003569,261,
1687849368781024,1687849368781293,268,
1687849386454851,1687849386455137,286,
1687849403604841,1687849403605110,268,
1687849421330647,1687849421330907,259,
1687849439134071,1687849439134327,256,
1687849456854782,1687849456855047,265,
1687849474448233,1687849474448504,271,
1687849492214102,1687849492214360,257,
1687849509929000,1687849509929277,277,
1687849527264141,1687849527264398,256,
1687849544955523,1687849544955780,257,
1687849562169080,1687849562169339,259,
1687849579897432,1687849579897695,263,
1687849597623289,1687849597623548,258,
1687849615323274,1687849615323530,256,
1687849632945016,1687849632945282,265,
1687849650777598,1687849650777879,280,
1687849668493950,1687849668494208,257,
1687849686261494,1687849686261775,280,
1687849703650209,1687849703650483,273,
1687849721366710,1687849721366968,258,
1687849738728765,1687849738729104,338,
1687849756437046,1687849756437304,258,
1687849774160655,1687849774160928,272,
1687849791864477,1687849791864728,250,
1687849809240612,1687849809240898,285,
1687849826782880,1687849826783078,198,
1687849844466272,1687849844466579,307,
1687849862221072,1687849862221333,261,
1687849879999648,1687849879999947,298,
1687849897976744,1687849897977003,258,
1687849915793108,1687849915793529,421,
1687849933447897,1687849933448157,259,
1687849951185702,1687849951185960,258,
1687849968839722,1687849968839981,258,
1687849986604479,1687849986604768,288,
1687850004344313,1687850004344621,307,
1687850022239011,1687850022239269,257,
1687850039943023,1687850039943285,261,
1687850057700176,1687850057700443,266,
1687850075400451,1687850075400763,312,
1687850093131879,1687850093132139,259,
1687850110850765,1687850110851042,276,
1687850128214071,1687850128214329,258,
1687850145903977,1687850145904236,259,
1687850163640701,1687850163641001,299,
1687850181354342,1687850181354596,254,
1687850199044469,1687850199044743,273,
1687850216784201,1687850216784470,269,
1687850234499351,1687850234499615,264,
1687850252283143,1687850252283400,256,
1687850270163165,1687850270163425,259,
1687850287856397,1687850287856660,263,
1687850305599926,1687850305600182,255,
1687850323316451,1687850323316713,261,
1687850341219435,1687850341219696,260,
1687850358903327,1687850358903587,260,
1687850376630505,1687850376630761,256,
1687850394361388,1687850394361702,314,
1687850412101060,1687850412101320,259,
1687850429389092,1687850429389354,261,
1687850447098876,1687850447099178,302,
1687850464861107,1687850464861374,266,
1687850482233987,1687850482234276,288,
1687850499987028,1687850499987288,260,
1687850517782953,1687850517783223,269,
1687850535707950,1687850535708252,301,
1687850553546635,1687850553546896,261,
1687850571491844,1687850571492099,254,
1687850589262070,1687850589262364,294,
1687850606656855,1687850606657116,260,
1687850624586639,1687850624586922,283,
1687850642321313,1687850642321602,288,
1687850659942571,1687850659942830,258,
1687850677242569,1687850677242924,355,
1687850694943749,1687850694944013,264,
1687850712769016,1687850712769276,260,
1687850730787313,1687850730787574,261,
1687850748496854,1687850748497132,278,
1687850765894060,1687850765894316,255,
1687850783262441,1687850783262700,259,
1687850800999755,1687850801000015,259,
1687850818271410,1687850818271665,255,
1687850835395890,1687850835396185,294,
1687850853144858,1687850853145121,262,
1687850870859520,1687850870859805,284,
1687850888609827,1687850888610112,284,
1687850906321194,1687850906321460,265,
1687850923936709,1687850923937008,298,
1687850941677280,1687850941677548,267,
1687850959400704,1687850959400993,288,
1687850977264712,1687850977264976,263,
1687850994989058,1687850994989327,268,
1687851012714834,1687851012715107,272,
1687851030435535,1687851030435847,311,
1687851047627062,1687851047627329,266,
1687851065357106,1687851065357466,359,
1687851083094240,1687851083094495,255,
1687851100842589,1687851100842871,282,
1687851118698206,1687851118698462,256,
1687851136398812,1687851136399083,270,
1687851153757751,1687851153758003,252,
1687851171435534,1687851171435828,294,
1687851189204799,1687851189205078,279,
1687851206891664,1687851206891926,262,
1687851224254992,1687851224255250,257,
1687851241983771,1687851241984030,258,
1687851259770601,1687851259770870,268,
1687851277534656,1687851277534915,259,
1687851295320488,1687851295320749,260,
1687851313137830,1687851313138101,271,
1687851330857051,1687851330857306,255,
1687851348540299,1687851348540560,261,
1687851366290052,1687851366290329,276,
1687851383642231,1687851383642565,334,
1687851401696011,1687851401696270,259,
1687851418853133,1687851418853394,260,
1687851436616787,1687851436617059,271,
1687851454355312,1687851454355611,299,
1687851472105296,1687851472105554,257,
1687851489853667,1687851489853956,289,
1687851507050549,1687851507050909,359,
1687851524811904,1687851524812183,279,
1687851542439816,1687851542440078,261,
1687851559602262,1687851559602593,330,
1687851577546920,1687851577547233,313,
1687851595273967,1687851595274296,329,
1687851613017768,1687851613018029,260,
1687851630768832,1687851630769095,263,
1687851648699618,1687851648699902,284,
1687851666243057,1687851666243314,257,
1687851684104466,1687851684104725,259,
1687851701851075,1687851701851336,261,
1687851719532507,1687851719532778,270,
1687851737580301,1687851737580562,261,
1687851755308993,1687851755309254,260,
1687851773031518,1687851773031831,313,
1687851790802859,1687851790803140,280,
1687851808493558,1687851808493816,258,
1687851826250325,1687851826250600,275,
1687851843977501,1687851843977783,282,
1687851861861293,1687851861861553,260,
1687851879605553,1687851879605811,257,
1687851897490214,1687851897490547,333,
1687851915264554,1687851915264813,259,
1687851932627442,1687851932627704,262,
1687851950340744,1687851950340994,250,
1687851967939283,1687851967939541,257,
1687851985213055,1687851985213327,271,
1687852003052649,1687852003052907,257,
1687852020799756,1687852020800019,263,
1687852038512723,1687852038512998,275,
1687852056241456,1687852056241730,274,
1687852073935445,1687852073935722,276,
1687852091739577,1687852091739841,263,
1687852109434800,1687852109435082,281,
1687852127177763,1687852127178023,259,
1687852145191481,1687852145191738,256,
1687852162922719,1687852162923035,315,
1687852180258184,1687852180258441,256,
1687852197961831,1687852197962100,269,
1687852215684116,1687852215684376,259,
1687852233384949,1687852233385212,262,
1687852251109811,1687852251110132,321,
1687852268839690,1687852268839955,265,
1687852286548438,1687852286548703,264,
1687852304306418,1687852304306706,288,
1687852322038332,1687852322038597,264,
1687852340115501,1687852340115769,268,
1687852357861208,1687852357861484,275,
1687852375592809,1687852375593110,301,
1687852393556422,1687852393556680,257,
1687852411384069,1687852411384320,251,
1687852429117792,1687852429118058,265,
1687852446853367,1687852446853629,262,
1687852464219576,1687852464219902,325,
1687852482187279,1687852482187538,258,
1687852499983500,1687852499983759,259,
1687852517924321,1687852517924594,272,
1687852535852387,1687852535852689,302,
1687852553628728,1687852553628984,255,
1687852571371569,1687852571371839,269,
1687852589132933,1687852589133195,262,
1687852606846062,1687852606846307,244,
1687852624210417,1687852624210699,282,
1687852641935419,1687852641935781,362,
1687852659709097,1687852659709354,257,
1687852677581240,1687852677581501,261,
1687852695348267,1687852695348541,274,
1687852713026780,1687852713027052,271,
1687852730769158,1687852730769410,251,
1687852748781655,1687852748781914,258,
1687852766520612,1687852766520873,260,
1687852784633446,1687852784633704,258,
1687852802378972,1687852802379236,264,
1687852820271634,1687852820271878,243,
1687852837982915,1687852837983185,270,
1687852855710360,1687852855710621,260,
1687852873392622,1687852873392879,257,
1687852891114368,1687852891114626,258,
1687852908850632,1687852908850886,253,
1687852926530658,1687852926530953,295,
1687852944271079,1687852944271361,282,
1687852962027789,1687852962028066,277,
1687852979777828,1687852979778083,255,
1687852997548881,1687852997549141,260,
1687853015300886,1687853015301149,262,
1687853032651650,1687853032652014,364,
1687853050380575,1687853050380832,256,
1687853068324806,1687853068325069,262,
1687853085942383,1687853085942646,262,
1687853103720706,1687853103720980,273,
1687853121735695,1687853121735980,284,
1687853139432862,1687853139433163,301,
1687853157264833,1687853157265097,263,
1687853174642163,1687853174642456,293,
1687853192350051,1687853192350324,272,
1687853210108180,1687853210108471,291,
1687853227847963,1687853227848221,258,
1687853245218100,1687853245218359,258,
1687853262929993,1687853262930252,259,
1687853280653979,1687853280654237,258,
1687853298399164,1687853298399419,255,
1687853315758833,1687853315759106,273,
1687853333483863,1687853333484232,368,
1687853351427424,1687853351427754,330,
1687853369170910,1687853369171186,276,
1687853386909091,1687853386909353,261,
1687853404621300,1687853404621560,260,
1687853422339723,1687853422339979,255,
1687853440216377,1687853440216642,264,
1687853458027652,1687853458027909,257,
1687853475839728,1687853475840011,282,
1687853493597508,1687853493597764,255,
1687853511346948,1687853511347225,277,
1687853529113728,1687853529114024,295,
1687853546854385,1687853546854646,261,
1687853564544072,1687853564544335,262,
1687853582269915,1687853582270169,254,
1687853600073195,1687853600073452,257,
1687853617814816,1687853617815087,271,
1687853635433071,1687853635433379,308,
1687853653178859,1687853653179129,269,
1687853670894179,1687853670894432,253,
1687853688625003,1687853688625267,264,
1687853706377658,1687853706377912,254,
1687853724116717,1687853724116976,258,
1687853742115168,1687853742115451,282,
1687853759867246,1687853759867509,263,
1687853777585609,1687853777585866,257,
1687853795291720,1687853795291969,248,
1687853813420684,1687853813420900,216,
1687853831146723,1687853831147033,309,
1687853848888821,1687853848889105,284,
1687853866220607,1687853866220904,296,
1687853883604599,1687853883604916,316,
1687853901027470,1687853901027938,468,
1687853918813190,1687853918813447,257,
1687853936434105,1687853936434368,262,
1687853954188828,1687853954189086,258,
1687853971918600,1687853971918861,261,
1687853989732956,1687853989733205,249,
1687854006533415,1687854006533729,313,
1687854024302603,1687854024302882,279,
1687854041663445,1687854041663692,246,
1687854059527912,1687854059528172,260,
1687854077276882,1687854077277142,260,
1687854094982867,1687854094983158,290,
1687854112755994,1687854112756252,258,
1687854130491814,1687854130492086,272,
1687854147686459,1687854147686721,262,
1687854165378039,1687854165378309,270,
1687854183110626,1687854183110883,257,
1687854200982438,1687854200982791,353,
1687854218801626,1687854218801887,260,
1687854236573166,1687854236573431,265,
1687854254338986,1687854254339266,279,
1687854272219565,1687854272219825,260,
1687854289933914,1687854289934173,259,
1687854307716901,1687854307717190,289,
1687854325729796,1687854325730050,254,
1687854343400181,1687854343400502,320,
1687854361181598,1687854361181869,271,
1687854378911642,1687854378911902,259,
1687854396685547,1687854396685805,258,
1687854414376147,1687854414376390,243,
1687854432106020,1687854432106281,260,
1687854449989557,1687854449989817,259,
1687854467230443,1687854467230715,272,
1687854484933233,1687854484933489,255,
1687854502215163,1687854502215315,151,
1687854519928405,1687854519928665,260,
1687854537219497,1687854537219759,262,
1687854554988852,1687854554989134,281,
1687854572718931,1687854572719222,291,
1687854590429330,1687854590429617,286,
1687854608220369,1687854608220628,258,
1687854625931080,1687854625931374,293,
1687854643709010,1687854643709271,260,
1687854661425322,1687854661425584,261,
1687854679136804,1687854679137063,259,
1687854696918533,1687854696918793,260,
1687854714630504,1687854714630774,269,
1687854732620137,1687854732620397,259,
1687854750518382,1687854750518643,260,
1687854768272659,1687854768272910,251,
1687854785987733,1687854785987995,261,
1687854803765797,1687854803766056,258,
1687854821620215,1687854821620473,257,
1687854839340512,1687854839340770,258,
1687854856702030,1687854856702315,285,
1687854874441549,1687854874441808,259,
1687854892150102,1687854892150362,259,
1687854909882307,1687854909882572,264,
1687854927659428,1687854927659789,360,
1687854945377515,1687854945377765,249,
1687854963174796,1687854963175066,270,
1687854980304152,1687854980304408,255,
1687854997951773,1687854997952033,260,
1687855015674821,1687855015675093,271,
1687855033443548,1687855033443808,260,
1687855050748365,1687855050748705,340,
1687855068646967,1687855068647237,270,
1687855086380952,1687855086381264,312,
1687855103497738,1687855103497995,257,
1687855121250598,1687855121250856,257,
1687855138619788,1687855138620046,258,
1687855156341803,1687855156342078,274,
1687855174023939,1687855174024197,258,
1687855191810685,1687855191810942,256,
1687855209207624,1687855209207903,279,
1687855226929332,1687855226929591,258,
1687855244675533,1687855244675794,261,
1687855262628725,1687855262628983,257,
1687855280378388,1687855280378665,276,
1687855298117723,1687855298117981,257,
1687855316177293,1687855316177551,258,
1687855333887869,1687855333888127,257,
1687855351607436,1687855351607696,259,
1687855369344756,1687855369345017,261,
1687855386708659,1687855386708916,257,
1687855404468319,1687855404468589,270,
1687855422246320,1687855422246577,256,
1687855439972296,1687855439972570,273,
1687855457270406,1687855457270759,353,
1687855475023030,1687855475023287,257,
1687855492763350,1687855492763609,258,
1687855510135811,1687855510136068,257,
1687855527837345,1687855527837605,260,
1687855545678906,1687855545679179,272,
1687855563521410,1687855563521693,282,
1687855581267617,1687855581267874,256,
1687855599270993,1687855599271269,276,
1687855617023262,1687855617023529,266,
1687855634769593,1687855634769855,262,
1687855652142148,1687855652142490,342,
1687855669897909,1687855669898221,311,
1687855687660992,1687855687661274,281,
1687855705371134,1687855705371489,355,
1687855723110793,1687855723111049,255,
1687855740851561,1687855740851887,325,
1687855758586425,1687855758586684,258,
1687855776308934,1687855776309212,277,
1687855794027276,1687855794027534,258,
1687855811188688,1687855811188947,258,
1687855829021930,1687855829022279,348,
1687855846745813,1687855846746074,260,
1687855864498206,1687855864498468,261,
1687855882659341,1687855882659611,270,
1687855899849343,1687855899849700,357,
1687855917464275,1687855917464530,255,
1687855934619132,1687855934619428,295,
1687855952344638,1687855952344895,257,
1687855970103431,1687855970103690,258,
1687855988198358,1687855988198620,261,
1687856005369059,1687856005369326,267,
1687856023253659,1687856023253921,261,
1687856040985196,1687856040985483,287,
1687856058781925,1687856058782186,261,
1687856076530427,1687856076530684,257,
1687856094304173,1687856094304444,270,
1687856112154073,1687856112154376,303,
1687856129882765,1687856129883073,307,
1687856147633663,1687856147633924,260,
1687856164992842,1687856164993103,261,
1687856182745513,1687856182745778,264,
1687856200458871,1687856200459148,276,
1687856218208728,1687856218209060,332,
1687856235925971,1687856235926233,261,
1687856252965300,1687856252965558,258,
1687856270755829,1687856270756098,268,
1687856288471632,1687856288471897,265,
1687856306229855,1687856306230112,257,
1687856323939095,1687856323939397,302,
1687856341650195,1687856341650455,259,
1687856359375618,1687856359375873,255,
1687856377222708,1687856377222968,260,
1687856394976731,1687856394976997,265,
1687856412751506,1687856412751755,248,
1687856430520842,1687856430521098,256,
1687856448266227,1687856448266505,277,
1687856466062016,1687856466062280,264,
1687856483966651,1687856483966908,257,
1687856501712250,1687856501712532,281,
1687856519533154,1687856519533416,262,
1687856537259456,1687856537259712,255,
1687856554972459,1687856554972719,259,
1687856572755866,1687856572756271,405,
1687856590518009,1687856590518266,256,
1687856608342295,1687856608342550,255,
1687856626165662,1687856626165967,305,
1687856643877153,1687856643877406,252,
1687856661607340,1687856661607601,261,
1687856679661590,1687856679661849,259,
1687856697411656,1687856697411912,255,
1687856715187522,1687856715187783,260,
1687856732868325,1687856732868585,259,
1687856750249246,1687856750249535,289,
1687856767965311,1687856767965577,266,
1687856785255564,1687856785255941,377,
1687856802968999,1687856802969276,277,
1687856820721444,1687856820721709,265,
1687856838462058,1687856838462320,262,
1687856856226747,1687856856227024,276,
1687856873966078,1687856873966339,260,
1687856891735644,1687856891735917,272,
1687856908926856,1687856908927225,368,
1687856926248542,1687856926248843,300,
1687856944203401,1687856944203681,280,
1687856961943251,1687856961943508,257,
1687856979631857,1687856979632119,261,
1687856997355854,1687856997356131,276,
1687857014729148,1687857014729488,339,
1687857032677827,1687857032678087,260,
1687857050463753,1687857050464013,260,
1687857068259734,1687857068259993,258,
1687857086136248,1687857086136411,162,
1687857104079564,1687857104079824,260,
1687857121859797,1687857121860058,260,
1687857139606230,1687857139606488,258,
1687857156797091,1687857156797354,263,
1687857174458964,1687857174459238,273,
1687857192251041,1687857192251311,269,
1687857209466495,1687857209466756,260,
1687857227247386,1687857227247647,260,
1687857245008124,1687857245008458,334,
1687857262788720,1687857262788987,266,
1687857280513567,1687857280513846,279,
1687857298309239,1687857298309552,312,
1687857316222466,1687857316222734,268,
1687857334027898,1687857334028155,256,
1687857351834404,1687857351834687,282,
1687857369597124,1687857369597388,264,
1687857387331911,1687857387332168,257,
1687857405080412,1687857405080671,259,
1687857422860632,1687857422860908,275,
1687857440633646,1687857440633904,257,
1687857458375321,1687857458375581,259,
1687857476230156,1687857476230478,322,
1687857493487910,1687857493488169,258,
1687857511332346,1687857511332608,261,
1687857529108833,1687857529109096,263,
1687857546507202,1687857546507475,272,
1687857564257364,1687857564257630,266,
1687857582063040,1687857582063301,260,
1687857599932151,1687857599932407,256,
1687857617241027,1687857617241335,308,
1687857635002012,1687857635002274,262,
1687857652755285,1687857652755569,284,
1687857670137426,1687857670137685,258,
1687857687866227,1687857687866487,260,
1687857705264497,1687857705264797,299,
1687857722660611,1687857722660937,326,
1687857740533027,1687857740533301,274,
1687857758288285,1687857758288543,258,
1687857776018360,1687857776018613,252,
1687857794138533,1687857794138788,255,
1687857812021295,1687857812021551,255,
1687857829794762,1687857829795052,289,
1687857847453713,1687857847453966,252,
1687857865237781,1687857865238091,309,
1687857883146351,1687857883146710,359,
1687857900907241,1687857900907500,259,
1687857918738773,1687857918739135,361,
1687857936708772,1687857936709030,257,
1687857954656497,1687857954656776,278,
1687857972405254,1687857972405517,262,
1687857990101935,1687857990102226,291,
1687858007856793,1687858007857059,266,
1687858025574806,1687858025575168,362,
1687858043355577,1687858043355834,257,
1687858061104917,1687858061105201,283,
1687858078828253,1687858078828530,276,
1687858096735428,1687858096735685,257,
1687858114407240,1687858114407504,263,
1687858132255522,1687858132255822,299,
1687858150233226,1687858150233503,276,
1687858167632513,1687858167632773,259,
1687858185573803,1687858185574063,259,
1687858203343516,1687858203343775,258,
1687858221092344,1687858221092625,281,
1687858238850402,1687858238850664,261,
1687858256219087,1687858256219344,257,
1687858273955534,1687858273955793,259,
1687858291102052,1687858291102312,260,
1687858308808930,1687858308809181,250,
1687858326588159,1687858326588416,257,
1687858344322916,1687858344323185,269,
1687858362124904,1687858362125199,294,
1687858379917403,1687858379917697,293,
1687858397254659,1687858397254940,281,
1687858415083207,1687858415083470,262,
1687858432896402,1687858432896658,256,
1687858450199535,1687858450199793,257,
1687858468103277,1687858468103535,257,
1687858485851369,1687858485851628,259,
1687858503605719,1687858503605983,263,
1687858521593574,1687858521593832,258,
1687858539354605,1687858539354858,252,
1687858557125713,1687858557125973,260,
1687858574863855,1687858574864108,253,
1687858592618571,1687858592618833,261,
1687858610359966,1687858610360223,257,
1687858628107659,1687858628107923,263,
1687858645858714,1687858645859020,306,
1687858664003192,1687858664003448,255,
1687858681782779,1687858681783122,343,
1687858699451693,1687858699451951,257,
1687858717249816,1687858717250076,260,
1687858735063162,1687858735063418,256,
1687858752823197,1687858752823475,278,
1687858770210478,1687858770210791,313,
1687858788038200,1687858788038460,259,
1687858805902421,1687858805902680,259,
1687858823692220,1687858823692478,258,
1687858841454433,1687858841454703,270,
1687858859208601,1687858859208847,246,
1687858876946611,1687858876946871,259,
1687858894748790,1687858894749149,358,
1687858912477293,1687858912477550,257,
1687858930209009,1687858930209270,261,
1687858947955656,1687858947955914,257,
1687858965735605,1687858965735858,252,
1687858983452894,1687858983453240,345,
1687859001205766,1687859001206027,260,
1687859018997949,1687859018998304,355,
1687859036795177,1687859036795448,270,
1687859054515298,1687859054515573,274,
1687859072545424,1687859072545593,168,
1687859090287775,1687859090288037,262,
1687859108086169,1687859108086431,262,
1687859125827996,1687859125828254,258,
1687859143553106,1687859143553366,259,
1687859161613182,1687859161613441,259,
1687859179429221,1687859179429536,314,
1687859197205505,1687859197205765,260,
1687859214958144,1687859214958406,261,
1687859232739242,1687859232739502,259,
1687859250506974,1687859250507247,272,
1687859268412629,1687859268412889,259,
1687859285212828,1687859285213076,248,
1687859302976924,1687859302977183,258,
1687859320950003,1687859320950261,257,
1687859338197724,1687859338198005,281,
1687859355941719,1687859355941979,259,
1687859373705038,1687859373705298,260,
1687859391623594,1687859391623852,257,
1687859409407853,1687859409408191,338,
1687859427156960,1687859427157222,261,
1687859445146216,1687859445146498,281,
1687859463069995,1687859463070270,274,
1687859480827434,1687859480827691,257,
1687859498628790,1687859498629049,258,
1687859516359588,1687859516359840,251,
1687859534100392,1687859534100671,279,
1687859551827422,1687859551827793,370,
1687859569751663,1687859569751923,260,
1687859587690910,1687859587691180,269,
1687859605407072,1687859605407333,260,
1687859623192337,1687859623192594,257,
1687859640925416,1687859640925678,262,
1687859658723047,1687859658723307,260,
1687859676615748,1687859676616005,257,
1687859694512643,1687859694512904,261,
1687859712284390,1687859712284663,273,
1687859730229694,1687859730229952,257,
1687859747953087,1687859747953347,260,
1687859765965896,1687859765966161,265,
1687859783287300,1687859783287558,257,
1687859801003183,1687859801003447,264,
1687859818778162,1687859818778424,262,
1687859836482344,1687859836482602,258,
1687859854272999,1687859854273257,257,
1687859872011524,1687859872011777,253,
1687859889783215,1687859889783473,258,
1687859907462932,1687859907463204,272,
1687859925280707,1687859925280974,266,
1687859943295234,1687859943295492,257,
1687859960683680,1687859960683941,261,
1687859978459741,1687859978460003,262,
1687859995601733,1687859995601993,260,
1687860013358630,1687860013358888,258,
1687860030727514,1687860030727787,273,
1687860048612659,1687860048612969,310,
1687860066357308,1687860066357565,257,
1687860084243325,1687860084243607,282,
1687860102008586,1687860102008948,361,
1687860119956073,1687860119956346,272,
1687860137909770,1687860137910029,258,
1687860155680481,1687860155680755,273,
1687860173445143,1687860173445408,264,
1687860191233736,1687860191234012,276,
1687860208956699,1687860208957057,357,
1687860226739945,1687860226740205,259,
1687860244500089,1687860244500348,258,
1687860262250423,1687860262250676,253,
1687860279627204,1687860279627478,273,
1687860297371187,1687860297371447,260,
1687860314745976,1687860314746221,245,
1687860332677280,1687860332677591,311,
1687860350407594,1687860350407852,258,
1687860368161193,1687860368161486,293,
1687860385928223,1687860385928480,257,
1687860403758144,1687860403758401,257,
1687860421504506,1687860421504765,259,
1687860439397685,1687860439397940,254,
1687860457164940,1687860457165202,262,
1687860474962456,1687860474962719,262,
1687860492289669,1687860492289922,253,
1687860510010028,1687860510010291,262,
1687860527814354,1687860527814613,259,
1687860545513336,1687860545513646,309,
1687860563282851,1687860563283244,392,
1687860581056331,1687860581056589,258,
1687860598817716,1687860598818037,320,
1687860616737067,1687860616737328,261,
1687860634500293,1687860634500554,261,
1687860652236010,1687860652236267,257,
1687860669994488,1687860669994798,310,
1687860687777743,1687860687778003,259,
1687860705663769,1687860705664045,275,
1687860723071501,1687860723071779,278,
1687860740836807,1687860740837072,265,
1687860758557835,1687860758558098,262,
1687860776316251,1687860776316511,260,
1687860794062020,1687860794062274,253,
1687860812087663,1687860812087923,259,
1687860829892320,1687860829892576,256,
1687860847682407,1687860847682671,263,
1687860865621751,1687860865622037,285,
1687860883379519,1687860883379776,256,
1687860901098628,1687860901098887,258,
1687860918838639,1687860918838893,253,
1687860936740724,1687860936741041,317,
1687860954670241,1687860954670500,258,
1687860972064222,1687860972064492,269,
1687860989804928,1687860989805173,244,
1687861007505196,1687861007505456,259,
1687861025278554,1687861025278814,259,
1687861042687665,1687861042687921,255,
1687861060593442,1687861060593698,256,
1687861078320929,1687861078321206,277,
1687861095702102,1687861095702361,259,
1687861113456625,1687861113456887,261,
1687861131350867,1687861131351259,391,
1687861149096552,1687861149096814,262,
1687861166854243,1687861166854500,257,
1687861184633505,1687861184633794,288,
1687861202392402,1687861202392690,288,
1687861220158027,1687861220158350,322,
1687861237899637,1687861237899901,264,
1687861255663683,1687861255663968,285,
1687861273402261,1687861273402519,257,
1687861290771026,1687861290771295,269,
1687861308558347,1687861308558635,287,
1687861326316985,1687861326317243,258,
1687861344071755,1687861344072013,257,
1687861361844904,1687861361845178,273,
1687861379782828,1687861379783096,267,
1687861397499108,1687861397499417,308,
1687861415278405,1687861415278570,165,
1687861433002272,1687861433002531,259,
1687861450816990,1687861450817248,258,
1687861468505514,1687861468505775,261,
1687861486272095,1687861486272348,252,
1687861504057547,1687861504057830,282,
1687861521807525,1687861521807823,298,
1687861539560219,1687861539560490,270,
1687861557402160,1687861557402420,260,
1687861575220052,1687861575220394,341,
1687861592856110,1687861592856369,258,
1687861610626434,1687861610626695,260,
1687861628349939,1687861628350233,294,
1687861646090295,1687861646090584,288,
1687861663841340,1687861663841596,256,
1687861681577725,1687861681577982,257,
1687861699321113,1687861699321396,282,
1687861717051830,1687861717052111,281,
1687861734879549,1687861734879809,259,
1687861752655484,1687861752655768,284,
1687861770445978,1687861770446286,308,
1687861787775464,1687861787775749,285,
1687861805550624,1687861805550888,263,
1687861823435432,1687861823435705,273,
1687861841383495,1687861841383759,263,
1687861859166613,1687861859166875,261,
1687861876968514,1687861876968772,258,
1687861894774761,1687861894775039,277,
1687861912571050,1687861912571311,261,
1687861930361750,1687861930362008,257,
1687861948097933,1687861948098242,309,
1687861966160481,1687861966160757,275,
1687861983875412,1687861983875703,290,
1687862001802088,1687862001802360,272,
1687862019503966,1687862019504228,261,
1687862037349384,1687862037349644,259,
1687862054715273,1687862054715533,259,
1687862072476833,1687862072477159,326,
1687862090249826,1687862090250081,254,
1687862108178873,1687862108179149,276,
1687862125894317,1687862125894575,257,
1687862143186234,1687862143186521,286,
1687862161207106,1687862161207417,311,
1687862178950352,1687862178950610,257,
1687862196737470,1687862196737721,251,
1687862214590631,1687862214590889,257,
1687862232376801,1687862232377060,258,
1687862249703803,1687862249704049,246,
1687862267485758,1687862267486017,259,
1687862285242883,1687862285243159,276,
1687862303182208,1687862303182487,279,
1687862321162599,1687862321162857,257,
1687862339152655,1687862339152962,306,
1687862356926886,1687862356927191,305,
1687862374739469,1687862374739756,287,
1687862392498968,1687862392499236,268,
1687862410273998,1687862410274302,304,
1687862428008092,1687862428008425,332,
1687862445816038,1687862445816298,259,
1687862463496929,1687862463497189,260,
1687862481280335,1687862481280609,273,
1687862498754114,1687862498754375,260,
1687862516499220,1687862516499480,260,
1687862534312852,1687862534313137,285,
1687862552001763,1687862552002017,253,
1687862569950131,1687862569950390,259,
1687862587698070,1687862587698331,261,
1687862605527342,1687862605527607,265,
1687862623304042,1687862623304305,262,
1687862641074716,1687862641075047,330,
1687862658837581,1687862658837841,260,
1687862676219859,1687862676220138,279,
1687862693993095,1687862693993352,257,
1687862711261543,1687862711261813,269,
1687862729056648,1687862729056906,258,
1687862746801829,1687862746802110,281,
1687862764580207,1687862764580467,260,
1687862782341924,1687862782342184,260,
1687862800111524,1687862800111783,258,
1687862817890374,1687862817890671,297,
1687862835700048,1687862835700312,263,
1687862853394149,1687862853394408,258,
1687862871149614,1687862871149880,266,
1687862888937495,1687862888937758,262,
1687862906743346,1687862906743597,251,
1687862924544117,1687862924544424,307,
1687862942302050,1687862942302307,256,
1687862960068251,1687862960068505,254,
1687862977853834,1687862977854089,255,
1687862995234633,1687862995234891,258,
1687863013206224,1687863013206482,257,
1687863030938708,1687863030938965,257,
1687863048723809,1687863048724066,257,
1687863066451570,1687863066451830,259,
1687863084270411,1687863084270676,264,
1687863101941377,1687863101941634,256,
1687863119929774,1687863119930032,258,
1687863137683834,1687863137684125,290,
1687863155468623,1687863155468875,251,
1687863173238063,1687863173238332,269,
1687863191059436,1687863191059695,259,
1687863208993272,1687863208993533,261,
1687863226766253,1687863226766521,267,
1687863244706663,1687863244706942,278,
1687863262484136,1687863262484394,258,
1687863280220729,1687863280220976,246,
1687863297992991,1687863297993252,260,
1687863315851958,1687863315852257,298,
1687863333613438,1687863333613731,293,
1687863351422511,1687863351422790,279,
1687863369202858,1687863369203129,271,
1687863386982203,1687863386982461,257,
1687863404762618,1687863404762876,258,
1687863422483143,1687863422483341,198,
1687863440237183,1687863440237440,256,
1687863457987180,1687863457987476,295,
1687863475760023,1687863475760329,306,
1687863493152910,1687863493153240,330,
1687863510893188,1687863510893448,260,
1687863528656261,1687863528656522,260,
1687863546428531,1687863546428869,337,
1687863564406518,1687863564406775,257,
1687863582211326,1687863582211612,285,
1687863599591247,1687863599591508,260,
1687863617379986,1687863617380250,263,
1687863635212626,1687863635212918,292,
1687863653067397,1687863653067660,262,
1687863670834121,1687863670834396,274,
1687863688618513,1687863688618769,256,
1687863706370263,1687863706370521,258,
1687863723762614,1687863723762901,287,
1687863741537880,1687863741538140,260,
1687863759285157,1687863759285405,247,
1687863776989559,1687863776989823,263,
1687863794834297,1687863794834570,273,
1687863812577564,1687863812577825,260,
1687863830360575,1687863830360833,257,
1687863848129817,1687863848130075,258,
1687863865909748,1687863865910007,259,
1687863883903645,1687863883903902,257,
1687863901619367,1687863901619636,269,
1687863919379452,1687863919379717,264,
1687863937119192,1687863937119450,258,
1687863954882687,1687863954882947,260,
1687863972648778,1687863972649040,262,
1687863990547609,1687863990547882,273,
1687864008301384,1687864008301643,258,
1687864025991718,1687864025991895,176,
1687864043860049,1687864043860324,274,
1687864061575194,1687864061575536,342,
1687864079619494,1687864079619754,259,
1687864097378781,1687864097379115,333,
1687864115148410,1687864115148785,375,
1687864132945002,1687864132945317,315,
1687864150932911,1687864150933167,256,
1687864168707877,1687864168708135,258,
1687864186526408,1687864186526700,291,
1687864203899243,1687864203899500,256,
1687864221665456,1687864221665715,258,
1687864239432969,1687864239433232,263,
1687864257245890,1687864257246185,295,
1687864275187857,1687864275188087,229,
1687864292977430,1687864292977686,256,
1687864310153638,1687864310153897,258,
1687864327936636,1687864327936916,280,
1687864345293402,1687864345293690,288,
1687864362998584,1687864362998841,256,
1687864380756853,1687864380757115,261,
1687864398541990,1687864398542248,258,
1687864416288962,1687864416289212,250,
1687864434195585,1687864434195845,259,
1687864452184826,1687864452185114,288,
1687864469933045,1687864469933331,285,
1687864487728151,1687864487728439,287,
1687864505501572,1687864505501831,259,
1687864522868534,1687864522868705,170,
1687864540676084,1687864540676340,255,
1687864558474033,1687864558474303,270,
1687864576295920,1687864576296208,287,
1687864593689078,1687864593689335,257,
1687864611427456,1687864611427721,264,
1687864629177925,1687864629178199,274,
1687864646963295,1687864646963556,261,
1687864664759882,1687864664760140,258,
1687864682536504,1687864682536830,326,
1687864700311639,1687864700311886,246,
1687864718046134,1687864718046412,277,
1687864735799195,1687864735799461,266,
1687864753665455,1687864753665717,261,
1687864771515115,1687864771515398,282,
1687864789287744,1687864789288005,260,
1687864807075611,1687864807075926,315,
1687864825085564,1687864825085823,258,
1687864842262563,1687864842262827,264,
1687864859977073,1687864859977337,264,
1687864878073266,1687864878073544,278,
1687864895843397,1687864895843664,267,
1687864913642643,1687864913642909,265,
1687864931358737,1687864931359007,270,
1687864949192209,1687864949192496,286,
1687864966984176,1687864966984464,287,
1687864984766495,1687864984766744,249,
1687865002538362,1687865002538653,291,
1687865020296595,1687865020296854,258,
1687865038045347,1687865038045602,254,
1687865055807157,1687865055807457,300,
1687865073539358,1687865073539635,276,
1687865091346391,1687865091346659,267,
1687865108701201,1687865108701461,260,
1687865126478927,1687865126479204,276,
1687865144301196,1687865144301493,296,
1687865162065792,1687865162066117,325,
1687865179869143,1687865179869404,260,
1687865197583435,1687865197583694,259,
1687865215622407,1687865215622691,284,
1687865232833012,1687865232833287,275,
1687865250595625,1687865250595886,260,
1687865268491678,1687865268491938,260,
1687865285941508,1687865285941768,260,
1687865303866991,1687865303867250,258,
1687865321639501,1687865321639765,263,
1687865339346242,1687865339346499,257,
1687865357105605,1687865357105883,278,
1687865374833108,1687865374833397,288,
1687865392588873,1687865392589131,258,
1687865410333162,1687865410333418,256,
1687865428088973,1687865428089233,259,
1687865445840690,1687865445840948,257,
1687865463610965,1687865463611257,292,
1687865481342371,1687865481342647,275,
1687865498713662,1687865498713939,276,
1687865516482307,1687865516482588,281,
1687865534265233,1687865534265495,262,
1687865551428870,1687865551429127,256,
1687865569201343,1687865569201591,248,
1687865586984788,1687865586985124,335,
1687865604756243,1687865604756501,258,
1687865622577631,1687865622577818,187,
1687865640333208,1687865640333466,257,
1687865658079236,1687865658079515,279,
1687865675840003,1687865675840262,258,
1687865693571415,1687865693571675,259,
1687865711340069,1687865711340334,265,
1687865729219026,1687865729219284,257,
1687865747067946,1687865747068203,257,
1687865764871677,1687865764871955,278,
1687865782627394,1687865782627656,262,
1687865800634717,1687865800634974,257,
1687865818399205,1687865818399465,259,
1687865836110539,1687865836110805,266,
1687865853928765,1687865853929025,260,
1687865871078729,1687865871079000,271,
1687865888832951,1687865888833206,255,
1687865906583322,1687865906583584,261,
1687865923799801,1687865923800058,257,
1687865941565286,1687865941565666,379,
1687865959329136,1687865959329391,255,
1687865977106013,1687865977106268,255,
1687865994990644,1687865994990904,260,
1687866012799241,1687866012799496,254,
1687866030425402,1687866030425665,262,
1687866048235861,1687866048236121,259,
1687866066170076,1687866066170350,274,
1687866083933030,1687866083933296,266,
1687866101220675,1687866101220979,303,
1687866118990035,1687866118990294,258,
1687866136760640,1687866136760898,258,
1687866154539635,1687866154539894,258,
1687866172300508,1687866172300756,247,
1687866190039783,1687866190040042,258,
1687866208029685,1687866208029945,260,
1687866225960154,1687866225960416,261,
1687866243756596,1687866243756874,278,
1687866261575680,1687866261575947,266,
1687866279372785,1687866279373043,258,
1687866297191621,1687866297191890,269,
1687866315084556,1687866315084843,286,
1687866332875524,1687866332875793,269,
1687866350774253,1687866350774514,261,
1687866368534921,1687866368535192,270,
1687866386314508,1687866386314757,249,
1687866404063622,1687866404063878,255,
1687866421831382,1687866421831643,261,
1687866439583170,1687866439583428,257,
1687866456801128,1687866456801427,298,
1687866474597900,1687866474598199,298,
1687866492375235,1687866492375496,260,
1687866510467054,1687866510467314,259,
1687866528252208,1687866528252470,261,
1687866545909882,1687866545910142,260,
1687866563744164,1687866563744443,278,
1687866581523491,1687866581523754,262,
1687866599299921,1687866599300277,356,
1687866617045839,1687866617046099,260,
1687866634851551,1687866634851905,353,
1687866652583455,1687866652583721,266,
1687866670649699,1687866670650025,325,
1687866688717039,1687866688717317,277,
1687866706481696,1687866706482041,344,
1687866724296229,1687866724296491,261,
1687866742084320,1687866742084580,260,
1687866759858875,1687866759859138,262,
1687866777712441,1687866777712702,260,
1687866795477137,1687866795477421,283,
1687866813256790,1687866813257060,270,
1687866830985863,1687866830986155,291,
1687866848277297,1687866848277546,249,
1687866866012028,1687866866012303,275,
1687866883901073,1687866883901385,312,
1687866901636409,1687866901636668,258,
1687866919381114,1687866919381377,262,
1687866936686830,1687866936687089,259,
1687866954557879,1687866954558142,263,
1687866972321031,1687866972321289,258,
1687866990149426,1687866990149686,259,
1687867007930974,1687867007931300,325,
1687867025687389,1687867025687651,261,
1687867043588821,1687867043589107,285,
1687867061449602,1687867061449860,258,
1687867079148270,1687867079148524,254,
1687867096976179,1687867096976444,265,
1687867114873283,1687867114873544,261,
1687867132641886,1687867132642165,279,
1687867150663713,1687867150663938,225,
1687867168428569,1687867168428830,261,
1687867186187537,1687867186187798,260,
1687867203977493,1687867203977752,259,
1687867221778088,1687867221778350,262,
1687867239559499,1687867239559761,261,
1687867257548309,1687867257548597,287,
1687867275325930,1687867275326187,257,
1687867292706162,1687867292706440,277,
1687867310467362,1687867310467619,257,
1687867328594450,1687867328594766,316,
1687867346568957,1687867346569302,344,
1687867364331789,1687867364332040,250,
1687867382061491,1687867382061746,254,
1687867399874537,1687867399874797,259,
1687867417651637,1687867417651898,261,
1687867435370787,1687867435371096,309,
1687867453315216,1687867453315479,263,
1687867471108990,1687867471109255,265,
1687867488871700,1687867488871983,282,
1687867506657119,1687867506657376,256,
1687867524419640,1687867524419903,262,
1687867542212293,1687867542212541,248,
1687867559982591,1687867559982896,305,
1687867577534290,1687867577534616,325,
1687867595295759,1687867595296040,280,
1687867613043588,1687867613043946,358,
1687867630834475,1687867630834729,254,
1687867648570719,1687867648570990,270,
1687867666364156,1687867666364412,255,
1687867684171328,1687867684171586,257,
1687867701970618,1687867701970879,260,
1687867719774392,1687867719774656,263,
1687867737034023,1687867737034300,277,
1687867754827814,1687867754828071,257,
1687867772571845,1687867772572102,257,
1687867790381667,1687867790381926,258,
1687867808110718,1687867808110993,275,
1687867826026836,1687867826027102,265,
1687867843811467,1687867843811726,258,
1687867861555889,1687867861556149,259,
1687867879454219,1687867879454480,261,
1687867897170141,1687867897170398,256,
1687867915123451,1687867915123715,263,
1687867933149752,1687867933150012,260,
1687867951161054,1687867951161299,244,
1687867969055519,1687867969055774,255,
1687867986841413,1687867986841716,302,
1687868004577357,1687868004577616,259,
1687868022325278,1687868022325536,258,
1687868040093525,1687868040093790,265,
1687868057876484,1687868057876756,271,
1687868075213379,1687868075213668,289,
1687868092615384,1687868092615646,261,
1687868110359195,1687868110359454,258,
1687868128134987,1687868128135263,275,
1687868146075764,1687868146076045,281,
1687868163863515,1687868163863863,348,
1687868181661961,1687868181662218,256,
1687868199421237,1687868199421495,258,
1687868216712794,1687868216713049,254,
1687868234525329,1687868234525595,265,
1687868252311759,1687868252312009,250,
1687868270070002,1687868270070266,263,
1687868287976758,1687868287977037,278,
1687868305938735,1687868305939010,275,
1687868323669516,1687868323669773,256,
1687868341482617,1687868341482876,258,
1687868359244901,1687868359245159,257,
1687868376928100,1687868376928361,261,
1687868394674365,1687868394674642,277,
1687868412622399,1687868412622657,257,
1687868430702663,1687868430702926,262,
1687868448525794,1687868448526068,273,
1687868466292692,1687868466292989,297,
1687868484065492,1687868484065751,258,
1687868501847911,1687868501848192,281,
1687868519628044,1687868519628362,317,
1687868537345996,1687868537346256,260,
1687868555128887,1687868555129168,280,
1687868573084085,1687868573084348,263,
1687868590474498,1687868590474764,266,
1687868608309684,1687868608309942,258,
1687868626124571,1687868626124830,258,
1687868643926994,1687868643927256,262,
1687868661680880,1687868661681137,256,
1687868679688098,1687868679688385,286,
1687868697464410,1687868697464671,261,
1687868715252419,1687868715252676,256,
1687868733025504,1687868733025775,271,
1687868750810439,1687868750810697,258,
1687868768576699,1687868768576962,262,
1687868786368983,1687868786369244,260,
1687868804124970,1687868804125231,260,
1687868822130595,1687868822130873,278,
1687868839924932,1687868839925259,326,
1687868857922506,1687868857922789,283,
1687868875707680,1687868875707927,247,
1687868893463812,1687868893464078,265,
1687868911252504,1687868911252771,266,
1687868929002607,1687868929002866,259,
1687868946825837,1687868946826094,256,
1687868964602799,1687868964603094,294,
1687868982366620,1687868982366880,259,
1687869000137397,1687869000137654,256,
1687869018008887,1687869018009149,262,
1687869035676255,1687869035676548,292,
1687869053417967,1687869053418227,260,
1687869071175281,1687869071175554,273,
1687869089119045,1687869089119325,280,
1687869107074286,1687869107074589,302,
1687869124828149,1687869124828395,245,
1687869142588928,1687869142589237,308,
1687869160564188,1687869160564450,262,
1687869178537930,1687869178538259,328,
1687869196538711,1687869196538970,259,
1687869214404250,1687869214404507,257,
1687869232144465,1687869232144722,256,
1687869249925435,1687869249925712,276,
1687869267786408,1687869267786669,260,
1687869285547860,1687869285548116,256,
1687869303325891,1687869303326153,261,
1687869321081056,1687869321081313,256,
1687869338864190,1687869338864570,380,
1687869356676830,1687869356677152,321,
1687869374421683,1687869374421992,309,
1687869392185117,1687869392185450,333,
1687869409972224,1687869409972541,316,
1687869427789617,1687869427789863,246,
1687869445537609,1687869445537931,322,
1687869463317484,1687869463317743,258,
1687869481088515,1687869481088775,260,
1687869498348656,1687869498348913,257,
1687869516271549,1687869516271814,264,
1687869533709365,1687869533709625,259,
1687869551672876,1687869551673127,251,
1687869569653992,1687869569654251,258,
1687869587429447,1687869587429705,258,
1687869605237338,1687869605237586,247,
1687869623029939,1687869623030195,256,
1687869640861460,1687869640861773,313,
1687869658599009,1687869658599263,254,
1687869676392475,1687869676392736,261,
1687869694177027,1687869694177285,258,
1687869712177419,1687869712177696,276,
1687869729408585,1687869729408875,290,
1687869747179881,1687869747180154,273,
1687869765032799,1687869765033055,256,
1687869783164181,1687869783164476,295,
1687869800972432,1687869800972742,309,
1687869818806692,1687869818806950,258,
1687869836547820,1687869836548076,256,
1687869854326480,1687869854326759,279,
1687869871705278,1687869871705613,334,
1687869889480618,1687869889480873,255,
1687869907280608,1687869907280868,260,
1687869924986864,1687869924987176,311,
1687869942813650,1687869942813898,248,
1687869960207857,1687869960208108,251,
1687869977987175,1687869977987433,258,
1687869995791623,1687869995791935,312,
1687870013538614,1687870013538901,287,
1687870031286212,1687870031286466,253,
1687870049035302,1687870049035560,257,
1687870066873551,1687870066873808,257,
1687870084638356,1687870084638612,256,
1687870102423446,1687870102423702,255,
1687870120283850,1687870120284110,259,
1687870137670559,1687870137670816,257,
1687870155416286,1687870155416553,267,
1687870173150582,1687870173150838,256,
1687870190958667,1687870190958926,258,
1687870208723065,1687870208723323,258,
1687870226531627,1687870226531901,274,
1687870244317927,1687870244318185,258,
1687870262106176,1687870262106465,289,
1687870280119675,1687870280119969,293,
1687870298101590,1687870298101848,257,
1687870316118797,1687870316119059,262,
1687870333364913,1687870333365174,261,
1687870351091527,1687870351091882,354,
1687870369116545,1687870369116805,259,
1687870387095604,1687870387095862,257,
1687870404871539,1687870404871800,260,
1687870422601142,1687870422601399,257,
1687870440364577,1687870440364842,264,
1687870458111437,1687870458111694,257,
1687870476135301,1687870476135634,333,
1687870494151264,1687870494151530,265,
1687870512035384,1687870512035643,259,
1687870529812472,1687870529812725,252,
1687870547699440,1687870547699694,254,
1687870565500185,1687870565500463,277,
1687870583604215,1687870583604494,279,
1687870600819806,1687870600820105,299,
1687870618557337,1687870618557625,287,
1687870636648246,1687870636648503,257,
1687870654367385,1687870654367642,257,
1687870672183275,1687870672183533,258,
1687870690012096,1687870690012355,258,
1687870708114372,1687870708114657,285,
1687870726120061,1687870726120338,276,
1687870743984753,1687870743985011,257,
1687870761773531,1687870761773789,257,
1687870779538188,1687870779538490,302,
1687870797312321,1687870797312587,265,
1687870815071752,1687870815072012,260,
1687870832975728,1687870832975987,258,
1687870850826308,1687870850826586,277,
1687870868649124,1687870868649382,257,
1687870886454377,1687870886454652,274,
1687870904203685,1687870904203945,260,
1687870922003895,1687870922004154,258,
1687870940031060,1687870940031346,286,
1687870958033165,1687870958033457,291,
1687870975821669,1687870975821926,256,
1687870993565239,1687870993565496,257,
1687871011332481,1687871011332737,255,
1687871029081828,1687871029082098,270,
1687871046892774,1687871046893031,257,
1687871064688524,1687871064688781,257,
1687871082502139,1687871082502402,263,
1687871100381334,1687871100381607,272,
1687871118136967,1687871118137226,258,
1687871135969311,1687871135969569,257,
1687871153811514,1687871153811759,244,
1687871171537838,1687871171538097,259,
1687871189315479,1687871189315734,254,
1687871206692668,1687871206692961,292,
1687871224528698,1687871224528956,258,
1687871242343791,1687871242344049,257,
1687871260065594,1687871260065855,260,
1687871277870625,1687871277870902,277,
1687871295653068,1687871295653327,258,
1687871313437823,1687871313438084,261,
1687871331329636,1687871331329960,323,
1687871349109673,1687871349109930,256,
1687871366870025,1687871366870286,261,
1687897367888649,1687897367888786,136,
1687900365234213,1687900365234348,135,
1687900375494515,1687900375494646,131,
1687900383234691,1687900383234841,149,
1687900393394791,1687900393394932,140,
1687900403615023,1687900403615161,138,
1687900414275207,1687900414275349,141,
1687900424415444,1687900424415585,141,
1687900434655621,1687900434655796,175,
1687900444975877,1687900444976009,132,
1687900455236098,1687900455236234,136,
1687900465416250,1687900465416388,137,
1687900475656436,1687900475656572,135,
1687900485876691,1687900485876826,134,
1687900931355905,1687900931356040,134,
1687900941715995,1687900941716137,141,
1687900951936070,1687900951936212,141,
1687900962196100,1687900962196240,139,
1687901422396063,1687901422396200,136,
1687901432756260,1687901432756400,139,
1687901443096264,1687901443096400,135,
1687901453256288,1687901453256423,134,
1687901463676401,1687901463676567,166,
1687901473936341,1687901473936476,134,
