time;cc;earfcn;pci;rsrp;pl;cfo;pci_neigh;rsrp_neigh;cfo_neigh;dl_mcs;dl_snr;dl_turbo;dl_brate;dl_bler;ul_ta;distance_km;speed_kmph;ul_mcs;ul_buff;ul_brate;ul_bler;rf_o;rf_u;rf_l;is_attached;proc_rmem;proc_rmem_kB;proc_vmem_kB;sys_mem;sys_load;thread_count;cpu_0;cpu_1;cpu_2;cpu_3
19;0;4294967295;0;0.0;0.0;0.0;n/a;n/a;n/a;0.0;0.0;0.0;0.0;0.0;0.0;0.0;0.0;0.0;0.0;0.0;0.0;0.0;0.0;0.0;0.0;10;821592;1439824;64;0.0;21;0.0;0.0;0.0;0.0
38;0;4294967295;0;0.0;0.0;0.0;n/a;n/a;n/a;0.0;0.0;0.0;0.0;0.0;0.0;0.0;0.0;0.0;0.0;0.0;0.0;0.0;0.0;0.0;0.0;10;821592;1439824;64;0.0;21;47;47;47;47
57;0;4294967295;0;0.0;0.0;0.0;n/a;n/a;n/a;0.0;0.0;0.0;0.0;0.0;0.0;0.0;0.0;0.0;0.0;0.0;0.0;0.0;0.0;0.0;0.0;10;821592;1439824;64;0.0;21;0.0;0.0;47;0.0
76;0;4294967295;0;0.0;0.0;0.0;n/a;n/a;n/a;0.0;0.0;0.0;0.0;0.0;0.0;0.0;0.0;0.0;0.0;0.0;0.0;0.0;0.0;0.0;0.0;10;821592;1439824;64;0.0;21;0.0;0.0;0.0;0.0
95;0;3350;0;0.0;0.0;0.0;n/a;n/a;n/a;0.0;0.0;0.0;0.0;0.0;0.0;0.0;0.0;0.0;0.0;0.0;0.0;0.0;0.0;0.0;0.0;10;821592;1505360;64;4.5;21;9.6;3.6;9.6;9.6
95;0;3350;1;0.0;0.0;0.0;n/a;n/a;n/a;0.0;0.0;0.0;0.0;0.0;0.0;0.0;0.0;0.0;0.0;0.0;0.0;0.0;0.0;0.0;0.0;11;835844;1505360;64;12;21;25;50;25;50
95;0;3350;1;0.0;0.0;0.0;n/a;n/a;n/a;0.0;0.0;0.0;0.0;0.0;0.0;0.0;0.0;0.0;0.0;0.0;0.0;0.0;0.0;0.0;0.0;0.0;0;0;0.0;0.0;0;0.0;0.0;0.0;0.0
101;0;3350;1;-82;82;691;n/a;n/a;n/a;0.0;20;0.0;0.0;0.0;0.0;0.0;0.0;0.0;0.0;0.0;0.0;0.0;0.0;0.0;0.0;0.0;0;0;0.0;0.0;0;0.0;0.0;0.0;0.0
120;0;3350;1;-82;82;618;n/a;n/a;n/a;0.0;22;0.0;0.0;0.0;0.0;0.0;0.0;0.0;0.0;0.0;0.0;0.0;0.0;0.0;0.0;11;835844;1570896;64;9.6;21;23;0.0;23;23
139;0;3350;1;-82;82;588;n/a;n/a;n/a;15;23;1.0;45200.000000;0;0.0;0.0;0.0;0.0;0.0;0.0;0.0;0.0;0.0;0.0;0.0;11;835844;1570896;64;0.0;21;0.0;0.0;0.0;0.0
158;0;3350;1;-82;82;583;n/a;n/a;n/a;0.0;24;0.0;0.0;0.0;0.0;0.0;0.0;0.0;0.0;0.0;0.0;0.0;0.0;0.0;0.0;11;835844;1636432;64;25;21;50;0.0;50;0.0
177;0;3350;1;-83;83;583;n/a;n/a;n/a;0.0;24;0.0;0.0;0.0;0.0;0.0;0.0;0.0;0.0;0.0;0.0;0.0;0.0;0.0;0.0;11;835844;1636432;64;0.0;21;50;50;50;50
196;0;3350;1;-83;83;583;n/a;n/a;n/a;0.0;24;0.0;0.0;0.0;0.0;0.0;0.0;0.0;0.0;0.0;0.0;0.0;0.0;0.0;0.0;11;835844;1636432;64;0.0;21;0.0;47;0.0;47
215;0;3350;1;-83;83;583;n/a;n/a;n/a;0.0;23;0.0;0.0;0.0;0.0;0.0;0.0;0.0;0.0;0.0;0.0;0.0;0.0;0.0;0.0;11;835844;1636432;64;25;21;0.0;0.0;0.0;0.0
234;0;3350;1;-83;83;584;n/a;n/a;n/a;0.0;23;0.0;0.0;0.0;0.0;0.0;0.0;0.0;0.0;0.0;0.0;0.0;0.0;0.0;0.0;11;835844;1636432;64;0.0;21;0.0;0.0;47;0.0
253;0;3350;1;-83;83;583;n/a;n/a;n/a;0.0;22;0.0;0.0;0.0;0.0;0.0;0.0;0.0;0.0;0.0;0.0;0.0;0.0;0.0;0.0;11;835844;1636432;64;0.0;21;50;0.0;0.0;0.0
272;0;3350;1;-83;83;583;n/a;n/a;n/a;0.0;22;0.0;0.0;0.0;0.0;0.0;0.0;0.0;0.0;0.0;0.0;0.0;0.0;0.0;0.0;11;835844;1636432;64;12;21;0.0;0.0;0.0;0.0
291;0;3350;1;-83;83;583;n/a;n/a;n/a;5.0;22;1.0;16400.000000;0;0.52;0.078;0.0;0.0;6.0;0.0;0.0;0.0;0.0;0.0;0.0;11;835844;1701968;64;12;21;0.0;0.0;0.0;50
310;0;3350;1;-83;83;584;n/a;n/a;n/a;6.0;23;1.0;12800.000000;0;0.52;0.078;0.0;0.0;42;2800.000000;0;0.0;0.0;0.0;1.0;11;837688;1701968;64;12;21;50;50;50;0.0
329;0;3350;1;-83;83;582;n/a;n/a;n/a;0.0;23;0.0;0.0;0.0;0.52;0.078;0.0;0.0;0.0;0.0;0;0.0;0.0;0.0;1.0;11;837688;1701968;64;13;21;47;47;47;47
348;0;3350;1;-83;83;583;n/a;n/a;n/a;2.0;23;1.0;10000.000000;0;0.52;0.078;0.0;22;0.0;62800.000000;0;0.0;0.0;0.0;1.0;11;837688;1701968;64;26;21;47;0.0;47;47
367;0;3350;1;-83;83;583;n/a;n/a;n/a;2.0;22;1.0;10000.000000;0;0.52;0.078;0.0;22;0.0;206800.000000;0;0.0;0.0;0.0;1.0;11;837688;1701968;64;12;21;0.0;0.0;0.0;0.0
386;0;3350;1;-83;83;583;n/a;n/a;n/a;18;23;1.0;51200.000000;0;0.52;0.078;0.0;0.0;34;206800.000000;0;0.0;0.0;0.0;1.0;11;847720;1775700;64;13;22;47;100;47;47
405;0;3350;1;-83;83;585;n/a;n/a;n/a;0.0;22;1.0;2800.000000;0;1.6;0.23;4687.500000;22;0.0;0.0;0;0.0;0.0;0.0;1.0;11;847720;1775700;64;25;22;100;50;100;50
424;0;3350;1;-83;83;583;n/a;n/a;n/a;0.0;23;1.0;5600.000000;0;1.6;0.23;4687.500000;0.0;0.0;206800.000000;0;0.0;0.0;0.0;1.0;11;847720;1775700;64;13;22;100;100;47;47
443;0;3350;1;-83;83;583;n/a;n/a;n/a;0.0;23;0.0;0.0;0.0;1.6;0.23;4687.500000;0.0;0.0;0.0;0.0;0.0;0.0;0.0;1.0;11;847720;1775700;64;12;22;100;50;0.0;50
462;0;3350;1;-83;83;583;n/a;n/a;n/a;0.0;22;0.0;0.0;0.0;1.6;0.23;4687.500000;0.0;0.0;0.0;0.0;0.0;0.0;0.0;1.0;11;847720;1775700;64;13;22;0.0;0.0;47;0.0
481;0;3350;1;-83;83;585;n/a;n/a;n/a;0.0;22;0.0;0.0;0.0;1.6;0.23;4687.500000;0.0;0.0;0.0;0.0;0.0;0.0;0.0;1.0;11;847720;1775700;64;12;22;50;0.0;0.0;50
500;0;3350;1;-83;83;585;n/a;n/a;n/a;0.0;21;0.0;0.0;0.0;1.6;0.23;4687.500000;0.0;0.0;0.0;0.0;0.0;0.0;0.0;1.0;11;847720;1775700;64;13;22;0.0;0.0;0.0;0.0
519;0;3350;1;-82;82;585;n/a;n/a;n/a;0.0;20;0.0;0.0;0.0;1.6;0.23;4687.500000;0.0;0.0;0.0;0.0;0.0;0.0;0.0;1.0;11;847720;1775700;64;0.0;22;50;0.0;50;0.0
538;0;3350;1;-83;83;585;n/a;n/a;n/a;0.0;22;0.0;0.0;0.0;1.6;0.23;4687.500000;0.0;0.0;0.0;0.0;0.0;0.0;0.0;1.0;11;847720;1775700;64;26;22;0.0;0.0;0.0;0.0
557;0;3350;1;-83;83;585;n/a;n/a;n/a;0.0;23;0.0;0.0;0.0;1.6;0.23;4687.500000;0.0;0.0;0.0;0.0;0.0;0.0;0.0;1.0;11;847720;1775700;64;13;22;47;0.0;0.0;47
576;0;3350;1;-83;83;584;n/a;n/a;n/a;12;22;1.0;29200.000000;0;1.6;0.23;4687.500000;0.0;2.0;0.0;0.0;0.0;0.0;0.0;1.0;11;847720;1775700;64;12;22;0.0;50;50;0.0
595;0;3350;1;-83;83;585;n/a;n/a;n/a;0.0;23;0.0;0.0;0.0;1.6;0.23;4687.500000;22;0.0;0.0;0;0.0;0.0;0.0;1.0;11;847720;1775700;64;12;22;50;0.0;0.0;0.0
614;0;3350;1;-83;83;586;n/a;n/a;n/a;0.0;21;0.0;0.0;0.0;1.6;0.23;4687.500000;0.0;0.0;206800.000000;0;0.0;0.0;0.0;1.0;11;847720;1775700;64;13;22;47;47;47;100
633;0;3350;1;-83;83;586;n/a;n/a;n/a;0.0;21;0.0;0.0;0.0;1.6;0.23;4687.500000;0.0;0.0;0.0;0.0;0.0;0.0;0.0;1.0;11;847852;1775700;64;13;21;0.0;0.0;47;0.0
652;0;3350;1;-83;83;585;n/a;n/a;n/a;0.0;21;0.0;0.0;0.0;1.6;0.23;4687.500000;0.0;0.0;0.0;0.0;0.0;0.0;0.0;1.0;11;847852;1775700;64;13;21;47;0.0;0.0;0.0
671;0;3350;1;-83;83;584;n/a;n/a;n/a;0.0;22;0.0;0.0;0.0;1.6;0.23;4687.500000;0.0;0.0;0.0;0.0;0.0;0.0;0.0;1.0;11;847852;1775700;64;0.0;21;0.0;0.0;0.0;50
690;0;3350;1;-83;83;584;n/a;n/a;n/a;0.0;22;0.0;0.0;0.0;1.6;0.23;4687.500000;0.0;0.0;0.0;0.0;0.0;0.0;0.0;1.0;11;847852;1775700;64;25;21;50;50;50;0.0
709;0;3350;1;-83;83;584;n/a;n/a;n/a;0.0;23;0.0;0.0;0.0;1.6;0.23;4687.500000;0.0;0.0;0.0;0.0;0.0;0.0;0.0;1.0;11;847852;1775700;64;13;21;0.0;0.0;0.0;0.0
728;0;3350;1;-83;83;584;n/a;n/a;n/a;0.0;22;0.0;0.0;0.0;1.6;0.23;4687.500000;0.0;0.0;0.0;0.0;0.0;0.0;0.0;1.0;11;847852;1775700;64;0.0;21;0.0;0.0;0.0;0.0
747;0;3350;1;-82;82;583;n/a;n/a;n/a;0.0;20;0.0;0.0;0.0;1.6;0.23;4687.500000;0.0;0.0;0.0;0.0;0.0;0.0;0.0;1.0;11;847852;1775700;64;12;21;50;0.0;50;50
766;0;3350;1;-82;82;584;n/a;n/a;n/a;0.0;21;0.0;0.0;0.0;1.6;0.23;4687.500000;0.0;0.0;0.0;0.0;0.0;0.0;0.0;1.0;11;847852;1775700;64;13;21;0.0;0.0;0.0;0.0
785;0;3350;1;-83;83;583;n/a;n/a;n/a;0.0;23;0.0;0.0;0.0;1.6;0.23;4687.500000;0.0;0.0;0.0;0.0;0.0;0.0;0.0;1.0;11;847852;1775700;64;12;21;50;0.0;50;0.0
804;0;3350;1;-82;82;583;n/a;n/a;n/a;0.0;21;0.0;0.0;0.0;1.6;0.23;4687.500000;0.0;0.0;0.0;0.0;0.0;0.0;0.0;1.0;11;847852;1775700;64;12;21;0.0;0.0;0.0;0.0
823;0;3350;1;-82;82;582;n/a;n/a;n/a;0.0;19;0.0;0.0;0.0;1.6;0.23;4687.500000;0.0;0.0;0.0;0.0;0.0;0.0;0.0;1.0;11;847852;1775700;64;13;21;47;47;0.0;0.0
842;0;3350;1;-82;82;581;n/a;n/a;n/a;0.0;18;0.0;0.0;0.0;1.6;0.23;4687.500000;0.0;0.0;0.0;0.0;0.0;0.0;0.0;1.0;11;847852;1775700;64;12;21;0.0;0.0;50;50
861;0;3350;1;-82;82;581;n/a;n/a;n/a;0.0;18;0.0;0.0;0.0;1.6;0.23;4687.500000;0.0;0.0;0.0;0.0;0.0;0.0;0.0;1.0;11;847852;1775700;64;13;21;0.0;0.0;0.0;0.0
880;0;3350;1;-83;83;580;n/a;n/a;n/a;0.0;20;0.0;0.0;0.0;1.6;0.23;4687.500000;0.0;0.0;0.0;0.0;0.0;0.0;0.0;1.0;11;847852;1775700;64;0.0;21;47;0.0;0.0;0.0
899;0;3350;1;-82;82;580;n/a;n/a;n/a;0.0;19;0.0;0.0;0.0;1.6;0.23;4687.500000;0.0;0.0;0.0;0.0;0.0;0.0;0.0;1.0;11;847852;1775700;64;25;21;0.0;0.0;50;0.0
918;0;3350;1;-82;82;580;n/a;n/a;n/a;0.0;18;0.0;0.0;0.0;1.6;0.23;4687.500000;0.0;0.0;0.0;0.0;0.0;0.0;0.0;1.0;11;847852;1775700;64;0.0;21;50;0.0;0.0;50
937;0;3350;1;-83;83;580;n/a;n/a;n/a;0.0;19;0.0;0.0;0.0;1.6;0.23;4687.500000;0.0;0.0;0.0;0.0;0.0;0.0;0.0;1.0;11;847852;1775700;64;25;21;0.0;0.0;0.0;0.0
956;0;3350;1;-83;83;580;n/a;n/a;n/a;0.0;21;0.0;0.0;0.0;1.6;0.23;4687.500000;0.0;0.0;0.0;0.0;0.0;0.0;0.0;1.0;11;847852;1775700;64;0.0;21;47;0.0;0.0;0.0
975;0;3350;1;-83;83;581;n/a;n/a;n/a;0.0;21;0.0;0.0;0.0;1.6;0.23;4687.500000;0.0;0.0;0.0;0.0;0.0;0.0;0.0;1.0;11;847852;1775700;64;12;21;0.0;50;50;0.0
994;0;3350;1;-83;83;581;n/a;n/a;n/a;0.0;22;0.0;0.0;0.0;1.6;0.23;4687.500000;0.0;0.0;0.0;0.0;0.0;0.0;0.0;1.0;11;847852;1775700;64;12;21;50;0.0;0.0;50
1013;0;3350;1;-83;83;581;n/a;n/a;n/a;0.0;23;0.0;0.0;0.0;1.6;0.23;4687.500000;0.0;0.0;0.0;0.0;0.0;0.0;0.0;1.0;11;847852;1775700;64;12;21;0.0;0.0;0.0;0.0
1032;0;3350;1;-83;83;582;n/a;n/a;n/a;0.0;21;0.0;0.0;0.0;1.6;0.23;4687.500000;0.0;0.0;0.0;0.0;0.0;0.0;0.0;1.0;11;847852;1775700;64;13;21;0.0;0.0;47;0.0
1051;0;3350;1;-83;83;581;n/a;n/a;n/a;0.0;22;0.0;0.0;0.0;1.6;0.23;4687.500000;0.0;0.0;0.0;0.0;0.0;0.0;0.0;1.0;11;847852;1775700;64;12;21;50;0.0;0.0;0.0
1070;0;3350;1;-83;83;580;n/a;n/a;n/a;0.0;21;0.0;0.0;0.0;1.6;0.23;4687.500000;0.0;0.0;0.0;0.0;0.0;0.0;0.0;1.0;11;847852;1775700;64;0.0;21;0.0;0.0;0.0;47
1089;0;3350;1;-83;83;580;n/a;n/a;n/a;0.0;21;0.0;0.0;0.0;1.6;0.23;4687.500000;0.0;0.0;0.0;0.0;0.0;0.0;0.0;1.0;11;847852;1775700;64;25;21;50;0.0;50;0.0
1108;0;3350;1;-83;83;580;n/a;n/a;n/a;0.0;22;0.0;0.0;0.0;1.6;0.23;4687.500000;0.0;0.0;0.0;0.0;0.0;0.0;0.0;1.0;11;847852;1775700;64;0.0;21;0.0;47;0.0;0.0
1127;0;3350;1;-83;83;579;n/a;n/a;n/a;0.0;21;0.0;0.0;0.0;1.6;0.23;4687.500000;0.0;0.0;0.0;0.0;0.0;0.0;0.0;1.0;11;847852;1775700;64;25;21;50;0.0;0.0;0.0
1146;0;3350;1;-83;83;581;n/a;n/a;n/a;0.0;21;0.0;0.0;0.0;1.6;0.23;4687.500000;0.0;0.0;0.0;0.0;0.0;0.0;0.0;1.0;11;847852;1775700;64;0.0;21;0.0;0.0;50;0.0
1165;0;3350;1;-83;83;581;n/a;n/a;n/a;0.0;20;0.0;0.0;0.0;1.6;0.23;4687.500000;0.0;0.0;0.0;0.0;0.0;0.0;0.0;1.0;11;847852;1775700;64;12;21;0.0;0.0;0.0;50
1184;0;3350;1;-83;83;581;n/a;n/a;n/a;0.0;20;0.0;0.0;0.0;1.6;0.23;4687.500000;0.0;0.0;0.0;0.0;0.0;0.0;0.0;1.0;11;847852;1775700;64;12;21;50;0.0;0.0;0.0
1203;0;3350;1;-83;83;580;n/a;n/a;n/a;0.0;21;0.0;0.0;0.0;1.6;0.23;4687.500000;0.0;0.0;0.0;0.0;0.0;0.0;0.0;1.0;11;847852;1775700;64;13;21;0.0;0.0;0.0;0.0
1222;0;3350;1;-83;83;580;n/a;n/a;n/a;0.0;21;0.0;0.0;0.0;1.6;0.23;4687.500000;0.0;0.0;0.0;0.0;0.0;0.0;0.0;1.0;11;847852;1775700;64;12;21;50;0.0;50;0.0
1241;0;3350;1;-83;83;580;n/a;n/a;n/a;0.0;22;0.0;0.0;0.0;1.6;0.23;4687.500000;0.0;0.0;0.0;0.0;0.0;0.0;0.0;1.0;11;847852;1775700;64;0.0;21;0.0;0.0;0.0;47
1260;0;3350;1;-83;83;580;n/a;n/a;n/a;0.0;21;0.0;0.0;0.0;1.6;0.23;4687.500000;0.0;0.0;0.0;0.0;0.0;0.0;0.0;1.0;11;847852;1775700;64;25;21;50;0.0;0.0;0.0
1279;0;3350;1;-83;83;581;n/a;n/a;n/a;0.0;21;0.0;0.0;0.0;1.6;0.23;4687.500000;0.0;0.0;0.0;0.0;0.0;0.0;0.0;1.0;11;847852;1775700;64;0.0;21;0.0;47;47;0.0
1298;0;3350;1;-83;83;582;n/a;n/a;n/a;0.0;20;0.0;0.0;0.0;1.6;0.23;4687.500000;0.0;0.0;0.0;0.0;0.0;0.0;0.0;1.0;11;847852;1775700;64;12;21;50;0.0;0.0;0.0
1317;0;3350;1;-82;82;582;n/a;n/a;n/a;0.0;20;0.0;0.0;0.0;1.6;0.23;4687.500000;0.0;0.0;0.0;0.0;0.0;0.0;0.0;1.0;11;847852;1775700;64;13;21;0.0;0.0;0.0;47
1336;0;3350;1;-82;82;583;n/a;n/a;n/a;0.0;19;0.0;0.0;0.0;1.6;0.23;4687.500000;0.0;0.0;0.0;0.0;0.0;0.0;0.0;1.0;11;847852;1775700;64;12;21;0.0;0.0;50;0.0
1355;0;3350;1;-82;82;580;n/a;n/a;n/a;0.0;17;0.0;0.0;0.0;1.6;0.23;4687.500000;0.0;0.0;0.0;0.0;0.0;0.0;0.0;1.0;11;847852;1775700;64;12;21;50;0.0;0.0;0.0
1374;0;3350;1;-82;82;579;n/a;n/a;n/a;0.0;17;0.0;0.0;0.0;1.6;0.23;4687.500000;0.0;0.0;0.0;0.0;0.0;0.0;0.0;1.0;11;847852;1775700;64;13;21;47;0.0;0.0;0.0
1393;0;3350;1;-83;83;580;n/a;n/a;n/a;0.0;20;0.0;0.0;0.0;1.6;0.23;4687.500000;0.0;0.0;0.0;0.0;0.0;0.0;0.0;1.0;11;847852;1775700;64;12;21;0.0;0.0;0.0;0.0
1412;0;3350;1;-82;82;578;n/a;n/a;n/a;0.0;15;0.0;0.0;0.0;1.6;0.23;4687.500000;0.0;0.0;0.0;0.0;0.0;0.0;0.0;1.0;11;847852;1775700;64;25;21;50;50;50;50
1431;0;3350;1;-81;81;578;n/a;n/a;n/a;0.0;11;0.0;0.0;0.0;1.6;0.23;4687.500000;0.0;0.0;0.0;0.0;0.0;0.0;0.0;1.0;11;847852;1775700;64;12;21;0.0;0.0;0.0;0.0
1450;0;3350;1;-81;81;577;n/a;n/a;n/a;0.0;11;0.0;0.0;0.0;1.6;0.23;4687.500000;0.0;0.0;0.0;0.0;0.0;0.0;0.0;1.0;11;847852;1775700;64;13;21;47;0.0;0.0;0.0
1469;0;3350;1;-81;81;576;n/a;n/a;n/a;0.0;12;0.0;0.0;0.0;1.6;0.23;4687.500000;0.0;0.0;0.0;0.0;0.0;0.0;0.0;1.0;11;847852;1775700;64;12;21;50;0.0;50;0.0
1488;0;3350;1;-82;82;580;n/a;n/a;n/a;0.0;12;0.0;0.0;0.0;1.6;0.23;4687.500000;0.0;0.0;0.0;0.0;0.0;0.0;0.0;1.0;11;847852;1775700;64;12;21;50;0.0;0.0;50
1507;0;3350;1;-81;81;584;n/a;n/a;n/a;0.0;12;0.0;0.0;0.0;1.6;0.23;4687.500000;0.0;0.0;0.0;0.0;0.0;0.0;0.0;1.0;11;847852;1775700;64;12;21;0.0;0.0;0.0;0.0
1526;0;3350;1;-81;81;585;n/a;n/a;n/a;0.0;13;0.0;0.0;0.0;1.6;0.23;4687.500000;0.0;0.0;0.0;0.0;0.0;0.0;0.0;1.0;11;847852;1775700;64;26;21;100;0.0;47;0.0
1545;0;3350;1;-81;81;583;n/a;n/a;n/a;0.0;12;0.0;0.0;0.0;1.6;0.23;4687.500000;0.0;0.0;0.0;0.0;0.0;0.0;0.0;1.0;11;847852;1775700;64;0.0;21;100;0.0;0.0;0.0
1564;0;3350;1;-81;81;584;n/a;n/a;n/a;0.0;12;0.0;0.0;0.0;1.6;0.23;4687.500000;0.0;0.0;0.0;0.0;0.0;0.0;0.0;1.0;11;847852;1775700;64;13;21;47;47;0.0;47
1583;0;3350;1;-81;81;581;n/a;n/a;n/a;0.0;12;0.0;0.0;0.0;1.6;0.23;4687.500000;22;0.0;0.0;0;0.0;0.0;0.0;1.0;11;847852;1775700;64;25;21;50;0.0;0.0;0.0
1602;0;3350;1;-82;82;585;n/a;n/a;n/a;2.0;12;1.0;10000.000000;0;1.6;0.23;4687.500000;22;0.0;206800.000000;0;0.0;0.0;0.0;1.0;11;847852;1775700;64;12;21;0.0;0.0;50;0.0
1621;0;3350;1;-82;82;582;n/a;n/a;n/a;0.0;12;0.0;0.0;0.0;1.6;0.23;4687.500000;0.0;0.0;206800.000000;0;0.0;0.0;0.0;1.0;11;847852;1775700;64;13;21;47;0.0;0.0;47
1640;0;3350;1;-81;81;586;n/a;n/a;n/a;0.0;12;0.0;0.0;0.0;1.6;0.23;4687.500000;0.0;0.0;0.0;0.0;0.0;0.0;0.0;1.0;11;847852;1775700;64;26;21;100;47;47;47
1659;0;3350;1;-81;81;586;n/a;n/a;n/a;0.0;12;0.0;0.0;0.0;1.6;0.23;4687.500000;0.0;0.0;0.0;0.0;0.0;0.0;0.0;0.0;11;847852;1775700;64;0.0;21;0.0;47;47;0.0
1678;0;3350;1;-81;81;585;n/a;n/a;n/a;0.0;12;0.0;0.0;0.0;1.6;0.23;4687.500000;0.0;0.0;0.0;0.0;0.0;0.0;0.0;0.0;11;847852;1775700;64;26;21;47;0.0;47;47
1697;0;3350;1;-81;81;587;n/a;n/a;n/a;0.0;12;0.0;0.0;0.0;1.6;0.23;4687.500000;0.0;0.0;0.0;0.0;0.0;0.0;0.0;0.0;11;847852;1775700;64;0.0;21;50;50;50;50
1716;0;3350;1;-81;81;587;n/a;n/a;n/a;0.0;13;0.0;0.0;0.0;1.6;0.23;4687.500000;0.0;0.0;0.0;0.0;0.0;0.0;0.0;0.0;11;847852;1775700;64;13;21;47;0.0;0.0;0.0
1735;0;3350;1;-81;81;582;n/a;n/a;n/a;0.0;13;0.0;0.0;0.0;1.6;0.23;4687.500000;0.0;0.0;0.0;0.0;0.0;0.0;0.0;0.0;11;847852;1775700;64;12;21;0.0;0.0;0.0;0.0
1754;0;3350;1;-81;81;580;n/a;n/a;n/a;0.0;12;0.0;0.0;0.0;1.6;0.23;4687.500000;0.0;0.0;0.0;0.0;0.0;0.0;0.0;0.0;11;847852;1775700;64;13;21;47;47;47;0.0
1773;0;3350;1;-81;81;578;n/a;n/a;n/a;0.0;11;0.0;0.0;0.0;1.6;0.23;4687.500000;0.0;0.0;0.0;0.0;0.0;0.0;0.0;0.0;11;847852;1775700;64;13;21;0.0;0.0;0.0;47
1792;0;3350;1;-81;81;573;n/a;n/a;n/a;0.0;10;0.0;0.0;0.0;1.6;0.23;4687.500000;0.0;0.0;0.0;0.0;0.0;0.0;0.0;0.0;11;847852;1775700;64;0.0;21;47;0.0;0.0;0.0
1811;0;3350;1;-81;81;575;n/a;n/a;n/a;0.0;11;0.0;0.0;0.0;1.6;0.23;4687.500000;0.0;0.0;0.0;0.0;0.0;0.0;0.0;0.0;11;847852;1775700;64;25;21;0.0;0.0;0.0;0.0
1830;0;3350;1;-81;81;576;n/a;n/a;n/a;0.0;10;0.0;0.0;0.0;1.6;0.23;4687.500000;0.0;0.0;0.0;0.0;0.0;0.0;0.0;0.0;11;847852;1775700;64;0.0;21;0.0;0.0;47;0.0
1849;0;3350;1;-81;81;577;n/a;n/a;n/a;0.0;11;0.0;0.0;0.0;1.6;0.23;4687.500000;0.0;0.0;0.0;0.0;0.0;0.0;0.0;0.0;11;847852;1775700;64;13;21;47;0.0;0.0;47
1868;0;3350;1;-81;81;579;n/a;n/a;n/a;0.0;11;0.0;0.0;0.0;1.6;0.23;4687.500000;0.0;0.0;0.0;0.0;0.0;0.0;0.0;0.0;11;847852;1775700;64;26;21;0.0;0.0;0.0;0.0
1887;0;3350;1;-81;81;578;n/a;n/a;n/a;0.0;9.5;0.0;0.0;0.0;1.6;0.23;4687.500000;0.0;0.0;0.0;0.0;0.0;0.0;0.0;0.0;11;847852;1775700;64;0.0;21;50;0.0;50;0.0
1906;0;3350;1;-81;81;577;n/a;n/a;n/a;0.0;10.0;0.0;0.0;0.0;1.6;0.23;4687.500000;0.0;0.0;0.0;0.0;0.0;0.0;0.0;0.0;11;847852;1775700;64;13;21;0.0;0.0;0.0;0.0
1925;0;3350;1;-81;81;575;n/a;n/a;n/a;0.0;11;0.0;0.0;0.0;1.6;0.23;4687.500000;0.0;0.0;0.0;0.0;0.0;0.0;0.0;0.0;11;847852;1775700;64;0.0;21;50;50;0.0;50
1944;0;3350;1;-81;81;581;n/a;n/a;n/a;0.0;12;0.0;0.0;0.0;1.6;0.23;4687.500000;0.0;0.0;0.0;0.0;0.0;0.0;0.0;0.0;11;847852;1775700;64;26;21;0.0;0.0;0.0;0.0
1963;0;3350;1;-81;81;579;n/a;n/a;n/a;0.0;11;0.0;0.0;0.0;1.6;0.23;4687.500000;0.0;0.0;0.0;0.0;0.0;0.0;0.0;0.0;11;847852;1775700;64;0.0;21;0.0;0.0;47;0.0
1982;0;3350;1;-81;81;582;n/a;n/a;n/a;0.0;10.0;0.0;0.0;0.0;1.6;0.23;4687.500000;0.0;0.0;0.0;0.0;0.0;0.0;0.0;0.0;11;847852;1775700;64;13;21;47;0.0;0.0;47
2001;0;3350;1;-81;81;578;n/a;n/a;n/a;0.0;10.0;0.0;0.0;0.0;1.6;0.23;4687.500000;0.0;0.0;0.0;0.0;0.0;0.0;0.0;0.0;11;847852;1775700;64;12;21;0.0;0.0;0.0;0.0
2020;0;3350;1;-81;81;578;n/a;n/a;n/a;0.0;9.7;0.0;0.0;0.0;1.6;0.23;4687.500000;0.0;0.0;0.0;0.0;0.0;0.0;0.0;0.0;11;847852;1775700;64;13;21;47;0.0;47;0.0
2039;0;3350;1;-81;81;579;n/a;n/a;n/a;0.0;10;0.0;0.0;0.0;1.6;0.23;4687.500000;0.0;0.0;0.0;0.0;0.0;0.0;0.0;0.0;11;847852;1775700;64;13;21;0.0;0.0;0.0;0.0
2058;0;3350;1;-81;81;577;n/a;n/a;n/a;0.0;12;0.0;0.0;0.0;1.6;0.23;4687.500000;0.0;0.0;0.0;0.0;0.0;0.0;0.0;0.0;11;847852;1775700;64;13;21;0.0;0.0;0.0;47
2077;0;3350;1;-81;81;574;n/a;n/a;n/a;0.0;12;0.0;0.0;0.0;1.6;0.23;4687.500000;0.0;0.0;0.0;0.0;0.0;0.0;0.0;0.0;11;847852;1775700;64;13;21;47;0.0;0.0;0.0
2096;0;3350;1;-81;81;571;n/a;n/a;n/a;0.0;10;0.0;0.0;0.0;1.6;0.23;4687.500000;0.0;0.0;0.0;0.0;0.0;0.0;0.0;0.0;11;847852;1775700;64;13;21;0.0;47;47;0.0
2115;0;3350;1;-81;81;578;n/a;n/a;n/a;0.0;10;0.0;0.0;0.0;1.6;0.23;4687.500000;0.0;0.0;0.0;0.0;0.0;0.0;0.0;0.0;11;847852;1775700;64;12;21;50;0.0;0.0;0.0
2134;0;3350;1;-81;81;581;n/a;n/a;n/a;0.0;10;0.0;0.0;0.0;1.6;0.23;4687.500000;0.0;0.0;0.0;0.0;0.0;0.0;0.0;0.0;11;847852;1775700;64;0.0;21;0.0;0.0;0.0;47
2153;0;3350;1;-81;81;587;n/a;n/a;n/a;0.0;11;0.0;0.0;0.0;1.6;0.23;4687.500000;0.0;0.0;0.0;0.0;0.0;0.0;0.0;0.0;11;847852;1775700;64;26;21;47;0.0;47;0.0
2172;0;3350;1;-82;82;582;n/a;n/a;n/a;0.0;18;0.0;0.0;0.0;1.6;0.23;4687.500000;0.0;0.0;0.0;0.0;0.0;0.0;0.0;0.0;11;847852;1775700;64;0.0;21;0.0;0.0;0.0;0.0
2191;0;3350;1;-83;83;582;n/a;n/a;n/a;0.0;20;0.0;0.0;0.0;1.6;0.23;4687.500000;0.0;0.0;0.0;0.0;0.0;0.0;0.0;0.0;11;847852;1775700;64;12;21;0.0;0.0;0.0;0.0
2210;0;3350;1;-83;83;583;n/a;n/a;n/a;0.0;20;0.0;0.0;0.0;1.6;0.23;4687.500000;0.0;0.0;0.0;0.0;0.0;0.0;0.0;0.0;11;847852;1775700;64;13;21;47;0.0;47;47
2229;0;3350;1;-83;83;583;n/a;n/a;n/a;0.0;19;0.0;0.0;0.0;1.6;0.23;4687.500000;0.0;0.0;0.0;0.0;0.0;0.0;0.0;0.0;11;847852;1775700;64;0.0;21;0.0;0.0;0.0;0.0
2248;0;3350;1;-82;82;583;n/a;n/a;n/a;0.0;17;0.0;0.0;0.0;1.6;0.23;4687.500000;0.0;0.0;0.0;0.0;0.0;0.0;0.0;0.0;11;847852;1775700;64;26;21;47;47;0.0;0.0
2267;0;3350;1;-82;82;581;n/a;n/a;n/a;0.0;15;0.0;0.0;0.0;1.6;0.23;4687.500000;0.0;0.0;0.0;0.0;0.0;0.0;0.0;0.0;11;847852;1775700;64;0.0;21;0.0;0.0;50;0.0
2286;0;3350;1;-82;82;580;n/a;n/a;n/a;0.0;17;0.0;0.0;0.0;1.6;0.23;4687.500000;0.0;0.0;0.0;0.0;0.0;0.0;0.0;0.0;11;847852;1775700;64;13;21;0.0;0.0;0.0;47
2305;0;3350;1;-83;83;580;n/a;n/a;n/a;0.0;20;0.0;0.0;0.0;1.6;0.23;4687.500000;0.0;0.0;0.0;0.0;0.0;0.0;0.0;0.0;11;847852;1775700;64;13;21;47;0.0;0.0;0.0
2324;0;3350;1;-83;83;580;n/a;n/a;n/a;0.0;19;0.0;0.0;0.0;1.6;0.23;4687.500000;0.0;0.0;0.0;0.0;0.0;0.0;0.0;0.0;11;847852;1775700;64;0.0;21;0.0;0.0;0.0;0.0
2343;0;3350;1;-82;82;579;n/a;n/a;n/a;0.0;18;0.0;0.0;0.0;1.6;0.23;4687.500000;0.0;0.0;0.0;0.0;0.0;0.0;0.0;0.0;11;847852;1775700;64;26;21;0.0;0.0;47;0.0
2362;0;3350;1;-83;83;580;n/a;n/a;n/a;0.0;18;0.0;0.0;0.0;1.6;0.23;4687.500000;0.0;0.0;0.0;0.0;0.0;0.0;0.0;0.0;11;847852;1775700;64;0.0;21;47;0.0;0.0;47
2381;0;3350;1;-83;83;581;n/a;n/a;n/a;0.0;18;0.0;0.0;0.0;1.6;0.23;4687.500000;0.0;0.0;0.0;0.0;0.0;0.0;0.0;0.0;11;847852;1775700;64;13;21;0.0;0.0;0.0;0.0
2400;0;3350;1;-82;82;580;n/a;n/a;n/a;0.0;19;0.0;0.0;0.0;1.6;0.23;4687.500000;0.0;0.0;0.0;0.0;0.0;0.0;0.0;0.0;11;847852;1775700;64;12;21;50;50;50;0.0
2419;0;3350;1;-82;82;582;n/a;n/a;n/a;0.0;18;0.0;0.0;0.0;1.6;0.23;4687.500000;0.0;0.0;0.0;0.0;0.0;0.0;0.0;0.0;11;847852;1775700;64;13;21;0.0;0.0;0.0;47
2438;0;3350;1;-82;82;583;n/a;n/a;n/a;0.0;17;0.0;0.0;0.0;1.6;0.23;4687.500000;0.0;0.0;0.0;0.0;0.0;0.0;0.0;0.0;11;847852;1775700;64;13;21;0.0;0.0;0.0;0.0
2457;0;3350;1;-82;82;582;n/a;n/a;n/a;0.0;19;0.0;0.0;0.0;1.6;0.23;4687.500000;0.0;0.0;0.0;0.0;0.0;0.0;0.0;0.0;11;847852;1775700;64;0.0;21;47;0.0;0.0;0.0
2476;0;3350;1;-83;83;582;n/a;n/a;n/a;0.0;18;0.0;0.0;0.0;1.6;0.23;4687.500000;0.0;0.0;0.0;0.0;0.0;0.0;0.0;0.0;11;847852;1775700;64;26;21;0.0;0.0;47;0.0
2495;0;3350;1;-83;83;584;n/a;n/a;n/a;0.0;19;0.0;0.0;0.0;1.6;0.23;4687.500000;0.0;0.0;0.0;0.0;0.0;0.0;0.0;0.0;11;847852;1775700;64;0.0;21;0.0;0.0;0.0;50
2514;0;3350;1;-83;83;583;n/a;n/a;n/a;0.0;20;0.0;0.0;0.0;1.6;0.23;4687.500000;0.0;0.0;0.0;0.0;0.0;0.0;0.0;0.0;11;847852;1775700;64;12;21;50;0.0;0.0;0.0
#eof
